URL,80,443
https://proconnect.intuit.com/community/forums/v4/forumtopicpage.kudosbuttonv2.kudoentity:kudoentity/kudosable-gid/96175?t:ac=board-id/203/thread-id/52642/message-id/52642&t:cp={{888*888}},,X,
https://www.motorolasolutions.com/en_xu/communities/en/think-public-safety/_jcr_content/content/primary/blog.social.204.6.html?filter=userIdentifier+eq+paul.jeffs%40motorolasolutions.com&filter=@(888*888),,X,
https://proconnect.intuit.com/community/forums/v4/forumtopicpage.kudosbuttonv2.kudoentity:kudoentity/kudosable-gid/96175?t:ac=board-id/203/thread-id/52642/message-id/52642&t:cp=@(888*888),,X,
https://sports.ladbrokes.com/api{{888*888}}/248/es0hrohc/jsonp?c=_jp.anusmyb,,X,
https://www.iciparisxl.be/medias/zoom-side-1091542-500x500?context={{888*888}},,X,
https://www.lifewire.com/apple-watch-fitness-goals-4121193?utm_source=emailshare&utm_medium=social&utm_campaign=shareurlbuttons,,X,
https://proconnect.intuit.com/community/forums/v4/forumtopicpage.kudosbuttonv2.kudoentity:kudoentity/kudosable-gid/96175?t:ac=board-id/203/thread-id/52642/message-id/52642&t:cp={888*888},,X,
http://tw.ncsoft.com:80/bns/video/tournament?currentPage={{888*888}},X,,
https://proconnect.intuit.com/community/forums/v4/forumtopicpage.kudosbuttonv2.kudoentity:kudoentity/kudosable-gid/96175{{888*888}}?t:ac=board-id/203/thread-id/52642/message-id/52642&t:cp=kudos/contributions/tapletcontributionspage,,X,
https://secure.dc4.pageuppeople.com/apply/967{{888*888}}/gateway/default.aspx?c=employeereferral&lJobID=494510&lJobSourceTypeID=796&sLanguage=en-us&sHome=https%3a%2f%2fjobs.hr.uconn.edu%2fcw%2fen-us%2fjob%2f494510%2fpostdoctoral-research-associate,,X,
https://proconnect.intuit.com/community/forums/v4/forumtopicpage.kudosbuttonv2.kudoentity:kudoentity/kudosable-gid/96175?t:ac=board-id/203/thread-id/52642/message-id/52642&t:cp=kudos/contributions/tapletcontributionspage,,X,
https://www.iciparisxl.be/medias/zoom-side-1091542-500x500?context={888*888},,X,