URL,443
https://planareport.marksandspencer.com,X,
https://api-test.marksandspencer.com,X,
https://static.marksandspencer.com,X,
https://corporate.marksandspencer.com:443/annualreport,X,
https://auth-stage.ciam.marksandspencer.com/admin/app,X,
https://qr.marksandspencer.com,X,
https://smetrics.marksandspencer.com,X,
https://view.news.marksandspencer.com/Error.aspx,X,
https://christmasbrochure.marksandspencer.com,X,
https://store.sit1.marksandspencer.com,X,
https://comshub-msb.marksandspencer.com,X,
https://bra-fit-calculator-uat.marksandspencer.com,X,
https://archive.marksandspencer.com/,X,
https://email.creditcardeligibilitycheck.marksandspencer.com,X,
https://mci.www7.marksandspencer.com,X,
https://corporate.marksandspencer.com,X,
https://image.service.marksandspencer.com,X,
https://sparkslive.marksandspencer.com,X,
https://collect.marksandspencer.com,X,
https://mci.bank.marksandspencer.com,X,
https://webforms.marksandspencer.com,X,
https://akamaitest2.marksandspencer.com,X,
https://sharesave2016.marksandspencer.com,X,
https://gql.marksandspencer.com,X,
https://sip.marksandspencer.com,X,
https://pages.news.marksandspencer.com,X,
https://api-dev.marksandspencer.com,X,
https://personalisedloanquote.marksandspencer.com,X,
https://email.personalisedloanquote.marksandspencer.com,X,
https://dev.comshub-msb.marksandspencer.com,X,