Protocol,Port,Domain,Request Status,Screenshot Path, Source Path
https,443,planareport.marksandspencer.com,Successful,/root/Desktop/linkThrasher/Results/EyeWitness/marksandspencer.com/2/screens/https.planareport.marksandspencer.com.png,/root/Desktop/linkThrasher/Results/EyeWitness/marksandspencer.com/2/source/https.planareport.marksandspencer.com.txt
https,443,api-test.marksandspencer.com,Successful,/root/Desktop/linkThrasher/Results/EyeWitness/marksandspencer.com/2/screens/https.webforms.marksandspencer.com.png,/root/Desktop/linkThrasher/Results/EyeWitness/marksandspencer.com/2/source/https.api-test.marksandspencer.com.txt
https,443,static.marksandspencer.com,Successful,/root/Desktop/linkThrasher/Results/EyeWitness/marksandspencer.com/2/screens/https.static.marksandspencer.com.png,/root/Desktop/linkThrasher/Results/EyeWitness/marksandspencer.com/2/source/https.static.marksandspencer.com.txt
https,443,corporate.marksandspencer.com,Successful,/root/Desktop/linkThrasher/Results/EyeWitness/marksandspencer.com/2/screens/https.corporate.marksandspencer.com.443.annualreport.png,/root/Desktop/linkThrasher/Results/EyeWitness/marksandspencer.com/2/source/https.corporate.marksandspencer.com.443.annualreport.txt
https,443,auth-stage.ciam.marksandspencer.com,Successful,/root/Desktop/linkThrasher/Results/EyeWitness/marksandspencer.com/2/screens/https.auth-stage.ciam.marksandspencer.com.admin.app.png,/root/Desktop/linkThrasher/Results/EyeWitness/marksandspencer.com/2/source/https.auth-stage.ciam.marksandspencer.com.admin.app.txt
https,443,qr.marksandspencer.com,Successful,/root/Desktop/linkThrasher/Results/EyeWitness/marksandspencer.com/2/screens/https.qr.marksandspencer.com.png,/root/Desktop/linkThrasher/Results/EyeWitness/marksandspencer.com/2/source/https.qr.marksandspencer.com.txt
https,443,smetrics.marksandspencer.com,Successful,/root/Desktop/linkThrasher/Results/EyeWitness/marksandspencer.com/2/screens/https.webforms.marksandspencer.com.png,/root/Desktop/linkThrasher/Results/EyeWitness/marksandspencer.com/2/source/https.smetrics.marksandspencer.com.txt
https,443,view.news.marksandspencer.com,Successful,/root/Desktop/linkThrasher/Results/EyeWitness/marksandspencer.com/2/screens/https.view.news.marksandspencer.com.Error.aspx.png,/root/Desktop/linkThrasher/Results/EyeWitness/marksandspencer.com/2/source/https.view.news.marksandspencer.com.Error.aspx.txt
https,443,christmasbrochure.marksandspencer.com,Successful,/root/Desktop/linkThrasher/Results/EyeWitness/marksandspencer.com/2/screens/https.webforms.marksandspencer.com.png,/root/Desktop/linkThrasher/Results/EyeWitness/marksandspencer.com/2/source/https.christmasbrochure.marksandspencer.com.txt
https,443,store.sit1.marksandspencer.com,Successful,/root/Desktop/linkThrasher/Results/EyeWitness/marksandspencer.com/2/screens/https.store.sit1.marksandspencer.com.png,/root/Desktop/linkThrasher/Results/EyeWitness/marksandspencer.com/2/source/https.store.sit1.marksandspencer.com.txt
https,443,comshub-msb.marksandspencer.com,Successful,/root/Desktop/linkThrasher/Results/EyeWitness/marksandspencer.com/2/screens/https.comshub-msb.marksandspencer.com.png,/root/Desktop/linkThrasher/Results/EyeWitness/marksandspencer.com/2/source/https.comshub-msb.marksandspencer.com.txt
https,443,bra-fit-calculator-uat.marksandspencer.com,Successful,/root/Desktop/linkThrasher/Results/EyeWitness/marksandspencer.com/2/screens/https.bra-fit-calculator-uat.marksandspencer.com.png,/root/Desktop/linkThrasher/Results/EyeWitness/marksandspencer.com/2/source/https.bra-fit-calculator-uat.marksandspencer.com.txt
https,443,archive.marksandspencer.com,Successful,/root/Desktop/linkThrasher/Results/EyeWitness/marksandspencer.com/2/screens/https.archive.marksandspencer.com..png,/root/Desktop/linkThrasher/Results/EyeWitness/marksandspencer.com/2/source/https.archive.marksandspencer.com..txt
https,443,email.creditcardeligibilitycheck.marksandspencer.com,Successful,/root/Desktop/linkThrasher/Results/EyeWitness/marksandspencer.com/2/screens/https.email.personalisedloanquote.marksandspencer.com.png,/root/Desktop/linkThrasher/Results/EyeWitness/marksandspencer.com/2/source/https.email.creditcardeligibilitycheck.marksandspencer.com.txt
https,443,mci.www7.marksandspencer.com,Successful,/root/Desktop/linkThrasher/Results/EyeWitness/marksandspencer.com/2/screens/https.mci.bank.marksandspencer.com.png,/root/Desktop/linkThrasher/Results/EyeWitness/marksandspencer.com/2/source/https.mci.www7.marksandspencer.com.txt
https,443,corporate.marksandspencer.com,Successful,/root/Desktop/linkThrasher/Results/EyeWitness/marksandspencer.com/2/screens/https.corporate.marksandspencer.com.png,/root/Desktop/linkThrasher/Results/EyeWitness/marksandspencer.com/2/source/https.corporate.marksandspencer.com.txt
https,443,image.service.marksandspencer.com,Successful,/root/Desktop/linkThrasher/Results/EyeWitness/marksandspencer.com/2/screens/https.image.service.marksandspencer.com.png,/root/Desktop/linkThrasher/Results/EyeWitness/marksandspencer.com/2/source/https.image.service.marksandspencer.com.txt
https,443,sparkslive.marksandspencer.com,Successful,/root/Desktop/linkThrasher/Results/EyeWitness/marksandspencer.com/2/screens/https.sparkslive.marksandspencer.com.png,/root/Desktop/linkThrasher/Results/EyeWitness/marksandspencer.com/2/source/https.sparkslive.marksandspencer.com.txt
https,443,collect.marksandspencer.com,Successful,/root/Desktop/linkThrasher/Results/EyeWitness/marksandspencer.com/2/screens/https.collect.marksandspencer.com.png,/root/Desktop/linkThrasher/Results/EyeWitness/marksandspencer.com/2/source/https.collect.marksandspencer.com.txt
https,443,mci.bank.marksandspencer.com,Successful,/root/Desktop/linkThrasher/Results/EyeWitness/marksandspencer.com/2/screens/https.mci.bank.marksandspencer.com.png,/root/Desktop/linkThrasher/Results/EyeWitness/marksandspencer.com/2/source/https.mci.bank.marksandspencer.com.txt
https,443,webforms.marksandspencer.com,Successful,/root/Desktop/linkThrasher/Results/EyeWitness/marksandspencer.com/2/screens/https.webforms.marksandspencer.com.png,/root/Desktop/linkThrasher/Results/EyeWitness/marksandspencer.com/2/source/https.webforms.marksandspencer.com.txt
https,443,akamaitest2.marksandspencer.com,Successful,/root/Desktop/linkThrasher/Results/EyeWitness/marksandspencer.com/2/screens/https.akamaitest2.marksandspencer.com.png,/root/Desktop/linkThrasher/Results/EyeWitness/marksandspencer.com/2/source/https.akamaitest2.marksandspencer.com.txt
https,443,sharesave2016.marksandspencer.com,Successful,/root/Desktop/linkThrasher/Results/EyeWitness/marksandspencer.com/2/screens/https.sharesave2016.marksandspencer.com.png,/root/Desktop/linkThrasher/Results/EyeWitness/marksandspencer.com/2/source/https.sharesave2016.marksandspencer.com.txt
https,443,gql.marksandspencer.com,Successful,/root/Desktop/linkThrasher/Results/EyeWitness/marksandspencer.com/2/screens/https.gql.marksandspencer.com.png,/root/Desktop/linkThrasher/Results/EyeWitness/marksandspencer.com/2/source/https.gql.marksandspencer.com.txt
https,443,sip.marksandspencer.com,Successful,/root/Desktop/linkThrasher/Results/EyeWitness/marksandspencer.com/2/screens/https.sip.marksandspencer.com.png,/root/Desktop/linkThrasher/Results/EyeWitness/marksandspencer.com/2/source/https.sip.marksandspencer.com.txt
https,443,pages.news.marksandspencer.com,Successful,/root/Desktop/linkThrasher/Results/EyeWitness/marksandspencer.com/2/screens/https.pages.news.marksandspencer.com.png,/root/Desktop/linkThrasher/Results/EyeWitness/marksandspencer.com/2/source/https.pages.news.marksandspencer.com.txt
https,443,api-dev.marksandspencer.com,Successful,/root/Desktop/linkThrasher/Results/EyeWitness/marksandspencer.com/2/screens/https.api-dev.marksandspencer.com.png,/root/Desktop/linkThrasher/Results/EyeWitness/marksandspencer.com/2/source/https.api-dev.marksandspencer.com.txt
https,443,personalisedloanquote.marksandspencer.com,Successful,/root/Desktop/linkThrasher/Results/EyeWitness/marksandspencer.com/2/screens/https.personalisedloanquote.marksandspencer.com.png,/root/Desktop/linkThrasher/Results/EyeWitness/marksandspencer.com/2/source/https.personalisedloanquote.marksandspencer.com.txt
https,443,email.personalisedloanquote.marksandspencer.com,Successful,/root/Desktop/linkThrasher/Results/EyeWitness/marksandspencer.com/2/screens/https.email.personalisedloanquote.marksandspencer.com.png,/root/Desktop/linkThrasher/Results/EyeWitness/marksandspencer.com/2/source/https.email.personalisedloanquote.marksandspencer.com.txt
https,443,dev.comshub-msb.marksandspencer.com,Successful,/root/Desktop/linkThrasher/Results/EyeWitness/marksandspencer.com/2/screens/https.dev.comshub-msb.marksandspencer.com.png,/root/Desktop/linkThrasher/Results/EyeWitness/marksandspencer.com/2/source/https.dev.comshub-msb.marksandspencer.com.txt