URL,80,443
https://broadband.marksandspencer.com,,X,
https://recs.marksandspencer.com,,X,
https://msbva.marksandspencer.com,,X,
https://store.vp.marksandspencer.com,,X,
https://foodmagazine.marksandspencer.com,,X,
https://store.sit2.marksandspencer.com,,X,
https://www.stagecheck.marksandspencer.com,,X,
https://homeinsurance.marksandspencer.com,,X,
https://personalloan.marksandspencer.com,,X,
http://asset.marksandspencer.com,X,,
https://click.service.marksandspencer.com,,X,
https://engineering.marksandspencer.com,,X,
https://formalshirts.marksandspencer.com,,X,
https://consent.ciam.marksandspencer.com,,X,
https://answers.marksandspencer.com,,X,
https://bridge.ciam.marksandspencer.com,,X,
https://personal-bank.marksandspencer.com,,X,
https://www.discover.marksandspencer.com,,X,
https://bank.marksandspencer.com,,X,
https://www9.marksandspencer.com,,X,
https://bank.marksandspencer.com/,,X,
https://akamaitest.marksandspencer.com,,X,
https://lyncdiscover.marksandspencer.com,,X,
https://creditcard.marksandspencer.com,,X,
https://customerresearchpanel.marksandspencer.com,,X,
https://alumni.marksandspencer.com,,X,
https://www.marksandspencer.com/l/flowers-and-plants/bouquets,,X,
https://image.newsletter.outlet.marksandspencer.com,,X,
https://api-perf.marksandspencer.com,,X,
https://api-secure.marksandspencer.com,,X,