Protocol,Port,Domain,Request Status,Screenshot Path, Source Path
https,443,broadband.marksandspencer.com,Successful,/root/Desktop/linkThrasher/Results/EyeWitness/marksandspencer.com/3/screens/https.broadband.marksandspencer.com.png,/root/Desktop/linkThrasher/Results/EyeWitness/marksandspencer.com/3/source/https.broadband.marksandspencer.com.txt
https,443,recs.marksandspencer.com,Successful,/root/Desktop/linkThrasher/Results/EyeWitness/marksandspencer.com/3/screens/https.recs.marksandspencer.com.png,/root/Desktop/linkThrasher/Results/EyeWitness/marksandspencer.com/3/source/https.recs.marksandspencer.com.txt
https,443,msbva.marksandspencer.com,Successful,/root/Desktop/linkThrasher/Results/EyeWitness/marksandspencer.com/3/screens/https.msbva.marksandspencer.com.png,/root/Desktop/linkThrasher/Results/EyeWitness/marksandspencer.com/3/source/https.msbva.marksandspencer.com.txt
https,443,store.vp.marksandspencer.com,Successful,/root/Desktop/linkThrasher/Results/EyeWitness/marksandspencer.com/3/screens/https.store.vp.marksandspencer.com.png,/root/Desktop/linkThrasher/Results/EyeWitness/marksandspencer.com/3/source/https.store.vp.marksandspencer.com.txt
https,443,foodmagazine.marksandspencer.com,Successful,/root/Desktop/linkThrasher/Results/EyeWitness/marksandspencer.com/3/screens/https.personal-bank.marksandspencer.com.png,/root/Desktop/linkThrasher/Results/EyeWitness/marksandspencer.com/3/source/https.foodmagazine.marksandspencer.com.txt
https,443,store.sit2.marksandspencer.com,Successful,/root/Desktop/linkThrasher/Results/EyeWitness/marksandspencer.com/3/screens/https.store.sit2.marksandspencer.com.png,/root/Desktop/linkThrasher/Results/EyeWitness/marksandspencer.com/3/source/https.store.sit2.marksandspencer.com.txt
https,443,www.stagecheck.marksandspencer.com,Successful,/root/Desktop/linkThrasher/Results/EyeWitness/marksandspencer.com/3/screens/https.www.stagecheck.marksandspencer.com.png,/root/Desktop/linkThrasher/Results/EyeWitness/marksandspencer.com/3/source/https.www.stagecheck.marksandspencer.com.txt
https,443,homeinsurance.marksandspencer.com,Successful,/root/Desktop/linkThrasher/Results/EyeWitness/marksandspencer.com/3/screens/https.homeinsurance.marksandspencer.com.png,/root/Desktop/linkThrasher/Results/EyeWitness/marksandspencer.com/3/source/https.homeinsurance.marksandspencer.com.txt
https,443,personalloan.marksandspencer.com,Successful,/root/Desktop/linkThrasher/Results/EyeWitness/marksandspencer.com/3/screens/https.creditcard.marksandspencer.com.png,/root/Desktop/linkThrasher/Results/EyeWitness/marksandspencer.com/3/source/https.personalloan.marksandspencer.com.txt
http,80,asset.marksandspencer.com,Successful,/root/Desktop/linkThrasher/Results/EyeWitness/marksandspencer.com/3/screens/http.asset.marksandspencer.com.png,/root/Desktop/linkThrasher/Results/EyeWitness/marksandspencer.com/3/source/http.asset.marksandspencer.com.txt
https,443,click.service.marksandspencer.com,Successful,/root/Desktop/linkThrasher/Results/EyeWitness/marksandspencer.com/3/screens/https.click.service.marksandspencer.com.png,/root/Desktop/linkThrasher/Results/EyeWitness/marksandspencer.com/3/source/https.click.service.marksandspencer.com.txt
https,443,engineering.marksandspencer.com,Successful,/root/Desktop/linkThrasher/Results/EyeWitness/marksandspencer.com/3/screens/https.engineering.marksandspencer.com.png,/root/Desktop/linkThrasher/Results/EyeWitness/marksandspencer.com/3/source/https.engineering.marksandspencer.com.txt
https,443,formalshirts.marksandspencer.com,Successful,/root/Desktop/linkThrasher/Results/EyeWitness/marksandspencer.com/3/screens/https.formalshirts.marksandspencer.com.png,/root/Desktop/linkThrasher/Results/EyeWitness/marksandspencer.com/3/source/https.formalshirts.marksandspencer.com.txt
https,443,consent.ciam.marksandspencer.com,Successful,/root/Desktop/linkThrasher/Results/EyeWitness/marksandspencer.com/3/screens/https.consent.ciam.marksandspencer.com.png,/root/Desktop/linkThrasher/Results/EyeWitness/marksandspencer.com/3/source/https.consent.ciam.marksandspencer.com.txt
https,443,answers.marksandspencer.com,Successful,/root/Desktop/linkThrasher/Results/EyeWitness/marksandspencer.com/3/screens/https.answers.marksandspencer.com.png,/root/Desktop/linkThrasher/Results/EyeWitness/marksandspencer.com/3/source/https.answers.marksandspencer.com.txt
https,443,bridge.ciam.marksandspencer.com,Successful,/root/Desktop/linkThrasher/Results/EyeWitness/marksandspencer.com/3/screens/https.bridge.ciam.marksandspencer.com.png,/root/Desktop/linkThrasher/Results/EyeWitness/marksandspencer.com/3/source/https.bridge.ciam.marksandspencer.com.txt
https,443,personal-bank.marksandspencer.com,Successful,/root/Desktop/linkThrasher/Results/EyeWitness/marksandspencer.com/3/screens/https.personal-bank.marksandspencer.com.png,/root/Desktop/linkThrasher/Results/EyeWitness/marksandspencer.com/3/source/https.personal-bank.marksandspencer.com.txt
https,443,www.discover.marksandspencer.com,Successful,/root/Desktop/linkThrasher/Results/EyeWitness/marksandspencer.com/3/screens/https.www.discover.marksandspencer.com.png,/root/Desktop/linkThrasher/Results/EyeWitness/marksandspencer.com/3/source/https.www.discover.marksandspencer.com.txt
https,443,bank.marksandspencer.com,Successful,/root/Desktop/linkThrasher/Results/EyeWitness/marksandspencer.com/3/screens/https.bank.marksandspencer.com.png,/root/Desktop/linkThrasher/Results/EyeWitness/marksandspencer.com/3/source/https.bank.marksandspencer.com.txt
https,443,www9.marksandspencer.com,Successful,/root/Desktop/linkThrasher/Results/EyeWitness/marksandspencer.com/3/screens/https.personal-bank.marksandspencer.com.png,/root/Desktop/linkThrasher/Results/EyeWitness/marksandspencer.com/3/source/https.www9.marksandspencer.com.txt
https,443,bank.marksandspencer.com,Successful,/root/Desktop/linkThrasher/Results/EyeWitness/marksandspencer.com/3/screens/https.bank.marksandspencer.com.png,/root/Desktop/linkThrasher/Results/EyeWitness/marksandspencer.com/3/source/https.bank.marksandspencer.com..txt
https,443,akamaitest.marksandspencer.com,Successful,/root/Desktop/linkThrasher/Results/EyeWitness/marksandspencer.com/3/screens/https.akamaitest.marksandspencer.com.png,/root/Desktop/linkThrasher/Results/EyeWitness/marksandspencer.com/3/source/https.akamaitest.marksandspencer.com.txt
https,443,lyncdiscover.marksandspencer.com,Successful,/root/Desktop/linkThrasher/Results/EyeWitness/marksandspencer.com/3/screens/https.lyncdiscover.marksandspencer.com.png,/root/Desktop/linkThrasher/Results/EyeWitness/marksandspencer.com/3/source/https.lyncdiscover.marksandspencer.com.txt
https,443,creditcard.marksandspencer.com,Successful,/root/Desktop/linkThrasher/Results/EyeWitness/marksandspencer.com/3/screens/https.creditcard.marksandspencer.com.png,/root/Desktop/linkThrasher/Results/EyeWitness/marksandspencer.com/3/source/https.creditcard.marksandspencer.com.txt
https,443,customerresearchpanel.marksandspencer.com,Successful,/root/Desktop/linkThrasher/Results/EyeWitness/marksandspencer.com/3/screens/https.customerresearchpanel.marksandspencer.com.png,/root/Desktop/linkThrasher/Results/EyeWitness/marksandspencer.com/3/source/https.customerresearchpanel.marksandspencer.com.txt
https,443,alumni.marksandspencer.com,Successful,/root/Desktop/linkThrasher/Results/EyeWitness/marksandspencer.com/3/screens/https.alumni.marksandspencer.com.png,/root/Desktop/linkThrasher/Results/EyeWitness/marksandspencer.com/3/source/https.alumni.marksandspencer.com.txt
https,443,www.marksandspencer.com,Successful,/root/Desktop/linkThrasher/Results/EyeWitness/marksandspencer.com/3/screens/https.www.marksandspencer.com.l.flowers-and-plants.bouquets.png,/root/Desktop/linkThrasher/Results/EyeWitness/marksandspencer.com/3/source/https.www.marksandspencer.com.l.flowers-and-plants.bouquets.txt
https,443,image.newsletter.outlet.marksandspencer.com,Successful,/root/Desktop/linkThrasher/Results/EyeWitness/marksandspencer.com/3/screens/https.image.newsletter.outlet.marksandspencer.com.png,/root/Desktop/linkThrasher/Results/EyeWitness/marksandspencer.com/3/source/https.image.newsletter.outlet.marksandspencer.com.txt
https,443,api-perf.marksandspencer.com,Successful,/root/Desktop/linkThrasher/Results/EyeWitness/marksandspencer.com/3/screens/https.api-perf.marksandspencer.com.png,/root/Desktop/linkThrasher/Results/EyeWitness/marksandspencer.com/3/source/https.api-perf.marksandspencer.com.txt
https,443,api-secure.marksandspencer.com,Successful,/root/Desktop/linkThrasher/Results/EyeWitness/marksandspencer.com/3/screens/https.api-secure.marksandspencer.com.png,/root/Desktop/linkThrasher/Results/EyeWitness/marksandspencer.com/3/source/https.api-secure.marksandspencer.com.txt