URL,80
http://owrcm-stg.aa.com/,X,
http://api.crewcompensation.test2.aa.com/,X,
http://css.aa.com/,X,
http://nrs.ae.aa.com/,X,
http://people.aa.com/,X,
http://merch-stg.aa.com/,X,
http://qa.cdn.aa.com/,X,
http://newcers-stage.aa.com/,X,
http://employeetravel.stage.aa.com/,X,
http://pensionoptin-stage.aa.com/,X,
http://frd.stage.aa.com/,X,
http://ssofedstagepdc.aa.com/,X,
http://dss-gids-uat.aa.com/,X,
http://nonprod-login.aa.com/,X,
http://opa.aa.com/,X,
http://mdmdse.test.aa.com/,X,
http://facebook-test.snap.aa.com/,X,
http://my.aa.com/,X,
http://manuals2-ext.aa.com/,X,
http://css-dev.aa.com/,X,
http://fos.aa.com/,X,
http://nrs.etp.aa.com/,X,
http://manuals-ext.aa.com/,X,
http://cdn.qa5.flyaa.aa.com/,X,
http://apops-stage.aa.com/,X,
http://smlogin.qtcorpaa.aa.com/,X,
http://cdn.qa8.flyaa.aa.com/,X,
http://flightdiscounts.stage.aa.com/,X,
http://webdisk.cloud.aa.com/,X,
http://ct.aa.com/,X,