Protocol,Port,Domain,Request Status,Screenshot Path, Source Path
http,80,owrcm-stg.aa.com,Successful,/root/Desktop/linkThrasher/Results/EyeWitness/aa.com/18/screens/http.owrcm-stg.aa.com..png,/root/Desktop/linkThrasher/Results/EyeWitness/aa.com/18/source/http.owrcm-stg.aa.com..txt
http,80,api.crewcompensation.test2.aa.com,Successful,/root/Desktop/linkThrasher/Results/EyeWitness/aa.com/18/screens/http.api.crewcompensation.test2.aa.com..png,/root/Desktop/linkThrasher/Results/EyeWitness/aa.com/18/source/http.api.crewcompensation.test2.aa.com..txt
http,80,css.aa.com,Successful,/root/Desktop/linkThrasher/Results/EyeWitness/aa.com/18/screens/http.css.aa.com..png,/root/Desktop/linkThrasher/Results/EyeWitness/aa.com/18/source/http.css.aa.com..txt
http,80,nrs.ae.aa.com,Successful,/root/Desktop/linkThrasher/Results/EyeWitness/aa.com/18/screens/http.nrs.ae.aa.com..png,/root/Desktop/linkThrasher/Results/EyeWitness/aa.com/18/source/http.nrs.ae.aa.com..txt
http,80,people.aa.com,Successful,/root/Desktop/linkThrasher/Results/EyeWitness/aa.com/18/screens/http.opa.aa.com..png,/root/Desktop/linkThrasher/Results/EyeWitness/aa.com/18/source/http.people.aa.com..txt
http,80,merch-stg.aa.com,Successful,/root/Desktop/linkThrasher/Results/EyeWitness/aa.com/18/screens/http.merch-stg.aa.com..png,/root/Desktop/linkThrasher/Results/EyeWitness/aa.com/18/source/http.merch-stg.aa.com..txt
http,80,qa.cdn.aa.com,Successful,/root/Desktop/linkThrasher/Results/EyeWitness/aa.com/18/screens/http.qa.cdn.aa.com..png,/root/Desktop/linkThrasher/Results/EyeWitness/aa.com/18/source/http.qa.cdn.aa.com..txt
http,80,newcers-stage.aa.com,Successful,/root/Desktop/linkThrasher/Results/EyeWitness/aa.com/18/screens/http.opa.aa.com..png,/root/Desktop/linkThrasher/Results/EyeWitness/aa.com/18/source/http.newcers-stage.aa.com..txt
http,80,employeetravel.stage.aa.com,Successful,/root/Desktop/linkThrasher/Results/EyeWitness/aa.com/18/screens/http.employeetravel.stage.aa.com..png,/root/Desktop/linkThrasher/Results/EyeWitness/aa.com/18/source/http.employeetravel.stage.aa.com..txt
http,80,pensionoptin-stage.aa.com,Successful,/root/Desktop/linkThrasher/Results/EyeWitness/aa.com/18/screens/http.opa.aa.com..png,/root/Desktop/linkThrasher/Results/EyeWitness/aa.com/18/source/http.pensionoptin-stage.aa.com..txt
http,80,frd.stage.aa.com,Successful,/root/Desktop/linkThrasher/Results/EyeWitness/aa.com/18/screens/http.opa.aa.com..png,/root/Desktop/linkThrasher/Results/EyeWitness/aa.com/18/source/http.frd.stage.aa.com..txt
http,80,ssofedstagepdc.aa.com,Successful,/root/Desktop/linkThrasher/Results/EyeWitness/aa.com/18/screens/http.ssofedstagepdc.aa.com..png,/root/Desktop/linkThrasher/Results/EyeWitness/aa.com/18/source/http.ssofedstagepdc.aa.com..txt
http,80,dss-gids-uat.aa.com,Successful,/root/Desktop/linkThrasher/Results/EyeWitness/aa.com/18/screens/http.dss-gids-uat.aa.com..png,/root/Desktop/linkThrasher/Results/EyeWitness/aa.com/18/source/http.dss-gids-uat.aa.com..txt
http,80,nonprod-login.aa.com,Successful,/root/Desktop/linkThrasher/Results/EyeWitness/aa.com/18/screens/http.nonprod-login.aa.com..png,/root/Desktop/linkThrasher/Results/EyeWitness/aa.com/18/source/http.nonprod-login.aa.com..txt
http,80,opa.aa.com,Successful,/root/Desktop/linkThrasher/Results/EyeWitness/aa.com/18/screens/http.opa.aa.com..png,/root/Desktop/linkThrasher/Results/EyeWitness/aa.com/18/source/http.opa.aa.com..txt
http,80,mdmdse.test.aa.com,Successful,/root/Desktop/linkThrasher/Results/EyeWitness/aa.com/18/screens/http.mdmdse.test.aa.com..png,/root/Desktop/linkThrasher/Results/EyeWitness/aa.com/18/source/http.mdmdse.test.aa.com..txt
http,80,facebook-test.snap.aa.com,Successful,/root/Desktop/linkThrasher/Results/EyeWitness/aa.com/18/screens/http.facebook-test.snap.aa.com..png,/root/Desktop/linkThrasher/Results/EyeWitness/aa.com/18/source/http.facebook-test.snap.aa.com..txt
http,80,my.aa.com,Successful,/root/Desktop/linkThrasher/Results/EyeWitness/aa.com/18/screens/http.my.aa.com..png,/root/Desktop/linkThrasher/Results/EyeWitness/aa.com/18/source/http.my.aa.com..txt
http,80,manuals2-ext.aa.com,Successful,/root/Desktop/linkThrasher/Results/EyeWitness/aa.com/18/screens/http.manuals2-ext.aa.com..png,/root/Desktop/linkThrasher/Results/EyeWitness/aa.com/18/source/http.manuals2-ext.aa.com..txt
http,80,css-dev.aa.com,Successful,/root/Desktop/linkThrasher/Results/EyeWitness/aa.com/18/screens/http.opa.aa.com..png,/root/Desktop/linkThrasher/Results/EyeWitness/aa.com/18/source/http.css-dev.aa.com..txt
http,80,fos.aa.com,Successful,/root/Desktop/linkThrasher/Results/EyeWitness/aa.com/18/screens/http.opa.aa.com..png,/root/Desktop/linkThrasher/Results/EyeWitness/aa.com/18/source/http.fos.aa.com..txt
http,80,nrs.etp.aa.com,Successful,/root/Desktop/linkThrasher/Results/EyeWitness/aa.com/18/screens/http.nrs.etp.aa.com..png,/root/Desktop/linkThrasher/Results/EyeWitness/aa.com/18/source/http.nrs.etp.aa.com..txt
http,80,manuals-ext.aa.com,Successful,/root/Desktop/linkThrasher/Results/EyeWitness/aa.com/18/screens/http.manuals2-ext.aa.com..png,/root/Desktop/linkThrasher/Results/EyeWitness/aa.com/18/source/http.manuals-ext.aa.com..txt
http,80,cdn.qa5.flyaa.aa.com,Successful,/root/Desktop/linkThrasher/Results/EyeWitness/aa.com/18/screens/http.cdn.qa5.flyaa.aa.com..png,/root/Desktop/linkThrasher/Results/EyeWitness/aa.com/18/source/http.cdn.qa5.flyaa.aa.com..txt
http,80,apops-stage.aa.com,Successful,/root/Desktop/linkThrasher/Results/EyeWitness/aa.com/18/screens/http.apops-stage.aa.com..png,/root/Desktop/linkThrasher/Results/EyeWitness/aa.com/18/source/http.apops-stage.aa.com..txt
http,80,smlogin.qtcorpaa.aa.com,Successful,/root/Desktop/linkThrasher/Results/EyeWitness/aa.com/18/screens/http.smlogin.qtcorpaa.aa.com..png,/root/Desktop/linkThrasher/Results/EyeWitness/aa.com/18/source/http.smlogin.qtcorpaa.aa.com..txt
http,80,cdn.qa8.flyaa.aa.com,Successful,/root/Desktop/linkThrasher/Results/EyeWitness/aa.com/18/screens/http.cdn.qa8.flyaa.aa.com..png,/root/Desktop/linkThrasher/Results/EyeWitness/aa.com/18/source/http.cdn.qa8.flyaa.aa.com..txt
http,80,flightdiscounts.stage.aa.com,Successful,/root/Desktop/linkThrasher/Results/EyeWitness/aa.com/18/screens/http.flightdiscounts.stage.aa.com..png,/root/Desktop/linkThrasher/Results/EyeWitness/aa.com/18/source/http.flightdiscounts.stage.aa.com..txt
http,80,webdisk.cloud.aa.com,Successful,/root/Desktop/linkThrasher/Results/EyeWitness/aa.com/18/screens/http.webdisk.cloud.aa.com..png,/root/Desktop/linkThrasher/Results/EyeWitness/aa.com/18/source/http.webdisk.cloud.aa.com..txt
http,80,ct.aa.com,Successful,/root/Desktop/linkThrasher/Results/EyeWitness/aa.com/18/screens/http.ct.aa.com..png,/root/Desktop/linkThrasher/Results/EyeWitness/aa.com/18/source/http.ct.aa.com..txt