URL,80
http://www.talabat.com/,X,
http://gs.talabat.com/,X,
http://rider-iq.talabat.com/,X,
http://fwf-client-api.talabat.com/,X,
http://hubbahrain.talabat.com/,X,
http://collections.talabat.com/,X,
http://qa.talabat.com/,X,
http://boa-qa.talabat.com/,X,
http://iraq.talabat.com/,X,
http://m.talabat.com/,X,
http://rider.talabat.com/,X,
http://tboard.talabat.com/,X,
http://hubkuwait.talabat.com/,X,
http://rider-qtr.talabat.com/,X,
http://intranet.talabat.com/,X,
http://deals.talabat.com/,X,
http://om.partner.talabat.com/,X,
http://tlbinvoice.talabat.com/,X,
http://rider-kw.talabat.com/,X,
http://blog.talabat.com/,X,
http://tracking.talabat.com/,X,
http://huboman.talabat.com/,X,
http://qa1.talabat.com/,X,
http://ramadan.talabat.com/,X,
http://qa-merchant.talabat.com/,X,
http://e.talabat.com/,X,
http://otlob.talabat.com/,X,
http://rider-bh.talabat.com/,X,
http://data-catalog.talabat.com/,X,
http://eg.partner.talabat.com/,X,
http://tgrow.talabat.com/,X,
http://qa.partner.talabat.com/,X,
http://hubqatar.talabat.com/,X,
http://wla.talabat.com/,X,
http://talabat.com/,X,
http://rider-eg.talabat.com/,X,
http://to.talabat.com/,X,
http://rider-ae.talabat.com/,X,
http://hubjordan.talabat.com/,X,
http://restaurantapiweb.talabat.com/,X,
http://hubuae.talabat.com/,X,
http://careers.talabat.com/,X,
http://ablink.em.talabat.com/,X,
http://data-docs.talabat.com/,X,
http://stg.talabat.com/,X,
http://data.talabat.com/,X,
http://marshmallow.talabat.com/,X,
http://rider-om.talabat.com/,X,
http://portal.talabat.com/,X,
http://rider-jo.talabat.com/,X,
http://combos.talabat.com/,X,
http://campaigns.talabat.com/,X,
http://www.tgrow.talabat.com/,X,
http://hubegypt.talabat.com/,X,
http://ablink.ssu.talabat.com/,X,
http://api.talabat.com/,X,
http://mastercard.talabat.com/,X,
http://www.tboard.talabat.com/,X,
http://cms.talabat.com/,X,
http://campaign.talabat.com/,X,
http://prod-website-cdn.talabat.com/,X,
http://partner1.talabat.com/,X,