URL,80
http://coupons.e-food.gr/,X,
http://sales-new.e-food.gr/,X,
http://refunds.e-food.gr/,X,
http://sonata.e-food.gr/,X,
http://sales.e-food.gr/,X,
http://payments.e-food.gr/,X,
http://new-salesstg.e-food.gr/,X,
http://jerome.e-food.gr/,X,
http://skl.e-food.gr/,X,
http://apiorder.e-food.gr/,X,
http://brookscdnstg.e-food.gr/,X,
http://provassets.e-food.gr/,X,
http://mirrorstg.e-food.gr/,X,
http://provisioninguiold.e-food.gr/,X,
http://cdn.e-food.gr/,X,
http://selfservicestg.e-food.gr/,X,
http://salesportalstg.e-food.gr/,X,
http://api-old.e-food.gr/,X,
http://api.e-food.gr/,X,
http://finerstg.e-food.gr/,X,
http://cdnstg.e-food.gr/,X,
http://gf.e-food.gr/,X,
http://datafridge-ui.e-food.gr/,X,
http://provstgassets.e-food.gr/,X,
http://brookscdn.e-food.gr/,X,
http://provisioner.e-food.gr/,X,
http://partners.e-food.gr/,X,
http://devstatic.e-food.gr/,X,
http://clientsapiintstg.e-food.gr/,X,
http://hq.e-food.gr/,X,
http://clientsapiint.e-food.gr/,X,
http://restaurantsapi.e-food.gr/,X,
http://staging.e-food.gr/,X,
http://portal.e-food.gr/,X,
http://hub.e-food.gr/,X,
http://hquistg.e-food.gr/,X,
http://devassets.e-food.gr/,X,
http://staticassets.e-food.gr/,X,
http://paymentsstg.e-food.gr/,X,
http://hqassetsstg.e-food.gr/,X,
http://ops-portal.e-food.gr/,X,
http://integrations.e-food.gr/,X,
http://prometheusgateway.e-food.gr/,X,
http://brooks.e-food.gr/,X,
http://nps.e-food.gr/,X,
http://salesclientsapi.e-food.gr/,X,
http://salesapistg.e-food.gr/,X,
http://privacystg.e-food.gr/,X,
http://rc.e-food.gr/,X,
http://riders.e-food.gr/,X,
http://hqstg.e-food.gr/,X,
http://apistg.e-food.gr/,X,
http://hqassets.e-food.gr/,X,
http://link.e-food.gr/,X,
http://api.stg.e-food.gr/,X,
http://to.e-food.gr/,X,
http://clientsstg.e-food.gr/,X,
http://privacyapi-test.e-food.gr/,X,
http://www.e-food.gr/,X,
http://email.riders.e-food.gr/,X,
http://e-food.gr/,X,
http://grafana.e-food.gr/,X,
http://posnew.e-food.gr/,X,
http://ridersacademy.e-food.gr/,X,
http://email.rider.e-food.gr/,X,
http://email.efoodlove.e-food.gr/,X,