Protocol,Port,Domain,Request Status,Screenshot Path, Source Path
http,80,coupons.e-food.gr,Successful,/root/Desktop/linkThrasher/Results/EyeWitness/e-food.gr/screens/http.selfservicestg.e-food.gr..png,/root/Desktop/linkThrasher/Results/EyeWitness/e-food.gr/source/http.coupons.e-food.gr..txt
http,80,sales-new.e-food.gr,Successful,/root/Desktop/linkThrasher/Results/EyeWitness/e-food.gr/screens/http.hq.e-food.gr..png,/root/Desktop/linkThrasher/Results/EyeWitness/e-food.gr/source/http.sales-new.e-food.gr..txt
http,80,refunds.e-food.gr,Successful,/root/Desktop/linkThrasher/Results/EyeWitness/e-food.gr/screens/http.hq.e-food.gr..png,/root/Desktop/linkThrasher/Results/EyeWitness/e-food.gr/source/http.refunds.e-food.gr..txt
http,80,sonata.e-food.gr,Successful,/root/Desktop/linkThrasher/Results/EyeWitness/e-food.gr/screens/http.hq.e-food.gr..png,/root/Desktop/linkThrasher/Results/EyeWitness/e-food.gr/source/http.sonata.e-food.gr..txt
http,80,sales.e-food.gr,Successful,/root/Desktop/linkThrasher/Results/EyeWitness/e-food.gr/screens/http.hq.e-food.gr..png,/root/Desktop/linkThrasher/Results/EyeWitness/e-food.gr/source/http.sales.e-food.gr..txt
http,80,payments.e-food.gr,Successful,/root/Desktop/linkThrasher/Results/EyeWitness/e-food.gr/screens/http.hq.e-food.gr..png,/root/Desktop/linkThrasher/Results/EyeWitness/e-food.gr/source/http.payments.e-food.gr..txt
http,80,new-salesstg.e-food.gr,Successful,/root/Desktop/linkThrasher/Results/EyeWitness/e-food.gr/screens/http.hq.e-food.gr..png,/root/Desktop/linkThrasher/Results/EyeWitness/e-food.gr/source/http.new-salesstg.e-food.gr..txt
http,80,jerome.e-food.gr,Successful,/root/Desktop/linkThrasher/Results/EyeWitness/e-food.gr/screens/http.devstatic.e-food.gr..png,/root/Desktop/linkThrasher/Results/EyeWitness/e-food.gr/source/http.jerome.e-food.gr..txt
http,80,skl.e-food.gr,Successful,/root/Desktop/linkThrasher/Results/EyeWitness/e-food.gr/screens/http.hq.e-food.gr..png,/root/Desktop/linkThrasher/Results/EyeWitness/e-food.gr/source/http.skl.e-food.gr..txt
http,80,apiorder.e-food.gr,Successful,/root/Desktop/linkThrasher/Results/EyeWitness/e-food.gr/screens/http.apiorder.e-food.gr..png,/root/Desktop/linkThrasher/Results/EyeWitness/e-food.gr/source/http.apiorder.e-food.gr..txt
http,80,brookscdnstg.e-food.gr,Successful,/root/Desktop/linkThrasher/Results/EyeWitness/e-food.gr/screens/http.hq.e-food.gr..png,/root/Desktop/linkThrasher/Results/EyeWitness/e-food.gr/source/http.brookscdnstg.e-food.gr..txt
http,80,provassets.e-food.gr,Successful,/root/Desktop/linkThrasher/Results/EyeWitness/e-food.gr/screens/http.hq.e-food.gr..png,/root/Desktop/linkThrasher/Results/EyeWitness/e-food.gr/source/http.provassets.e-food.gr..txt
http,80,mirrorstg.e-food.gr,Successful,/root/Desktop/linkThrasher/Results/EyeWitness/e-food.gr/screens/http.hq.e-food.gr..png,/root/Desktop/linkThrasher/Results/EyeWitness/e-food.gr/source/http.mirrorstg.e-food.gr..txt
http,80,provisioninguiold.e-food.gr,Successful,/root/Desktop/linkThrasher/Results/EyeWitness/e-food.gr/screens/http.hq.e-food.gr..png,/root/Desktop/linkThrasher/Results/EyeWitness/e-food.gr/source/http.provisioninguiold.e-food.gr..txt
http,80,cdn.e-food.gr,Successful,/root/Desktop/linkThrasher/Results/EyeWitness/e-food.gr/screens/http.hq.e-food.gr..png,/root/Desktop/linkThrasher/Results/EyeWitness/e-food.gr/source/http.cdn.e-food.gr..txt
http,80,selfservicestg.e-food.gr,Successful,/root/Desktop/linkThrasher/Results/EyeWitness/e-food.gr/screens/http.selfservicestg.e-food.gr..png,/root/Desktop/linkThrasher/Results/EyeWitness/e-food.gr/source/http.selfservicestg.e-food.gr..txt
http,80,salesportalstg.e-food.gr,Successful,/root/Desktop/linkThrasher/Results/EyeWitness/e-food.gr/screens/http.hq.e-food.gr..png,/root/Desktop/linkThrasher/Results/EyeWitness/e-food.gr/source/http.salesportalstg.e-food.gr..txt
http,80,api-old.e-food.gr,Successful,/root/Desktop/linkThrasher/Results/EyeWitness/e-food.gr/screens/http.hq.e-food.gr..png,/root/Desktop/linkThrasher/Results/EyeWitness/e-food.gr/source/http.api-old.e-food.gr..txt
http,80,api.e-food.gr,Successful,/root/Desktop/linkThrasher/Results/EyeWitness/e-food.gr/screens/http.hq.e-food.gr..png,/root/Desktop/linkThrasher/Results/EyeWitness/e-food.gr/source/http.api.e-food.gr..txt
http,80,finerstg.e-food.gr,Successful,/root/Desktop/linkThrasher/Results/EyeWitness/e-food.gr/screens/http.hqassetsstg.e-food.gr..png,/root/Desktop/linkThrasher/Results/EyeWitness/e-food.gr/source/http.finerstg.e-food.gr..txt
http,80,cdnstg.e-food.gr,Successful,/root/Desktop/linkThrasher/Results/EyeWitness/e-food.gr/screens/http.hq.e-food.gr..png,/root/Desktop/linkThrasher/Results/EyeWitness/e-food.gr/source/http.cdnstg.e-food.gr..txt
http,80,gf.e-food.gr,Successful,/root/Desktop/linkThrasher/Results/EyeWitness/e-food.gr/screens/http.selfservicestg.e-food.gr..png,/root/Desktop/linkThrasher/Results/EyeWitness/e-food.gr/source/http.gf.e-food.gr..txt
http,80,datafridge-ui.e-food.gr,Successful,/root/Desktop/linkThrasher/Results/EyeWitness/e-food.gr/screens/http.hqassetsstg.e-food.gr..png,/root/Desktop/linkThrasher/Results/EyeWitness/e-food.gr/source/http.datafridge-ui.e-food.gr..txt
http,80,provstgassets.e-food.gr,Successful,/root/Desktop/linkThrasher/Results/EyeWitness/e-food.gr/screens/http.hq.e-food.gr..png,/root/Desktop/linkThrasher/Results/EyeWitness/e-food.gr/source/http.provstgassets.e-food.gr..txt
http,80,brookscdn.e-food.gr,Successful,/root/Desktop/linkThrasher/Results/EyeWitness/e-food.gr/screens/http.hq.e-food.gr..png,/root/Desktop/linkThrasher/Results/EyeWitness/e-food.gr/source/http.brookscdn.e-food.gr..txt
http,80,provisioner.e-food.gr,Successful,/root/Desktop/linkThrasher/Results/EyeWitness/e-food.gr/screens/http.hq.e-food.gr..png,/root/Desktop/linkThrasher/Results/EyeWitness/e-food.gr/source/http.provisioner.e-food.gr..txt
http,80,partners.e-food.gr,Successful,/root/Desktop/linkThrasher/Results/EyeWitness/e-food.gr/screens/http.hq.e-food.gr..png,/root/Desktop/linkThrasher/Results/EyeWitness/e-food.gr/source/http.partners.e-food.gr..txt
http,80,devstatic.e-food.gr,Successful,/root/Desktop/linkThrasher/Results/EyeWitness/e-food.gr/screens/http.devstatic.e-food.gr..png,/root/Desktop/linkThrasher/Results/EyeWitness/e-food.gr/source/http.devstatic.e-food.gr..txt
http,80,clientsapiintstg.e-food.gr,Successful,/root/Desktop/linkThrasher/Results/EyeWitness/e-food.gr/screens/http.hqassetsstg.e-food.gr..png,/root/Desktop/linkThrasher/Results/EyeWitness/e-food.gr/source/http.clientsapiintstg.e-food.gr..txt
http,80,hq.e-food.gr,Successful,/root/Desktop/linkThrasher/Results/EyeWitness/e-food.gr/screens/http.hq.e-food.gr..png,/root/Desktop/linkThrasher/Results/EyeWitness/e-food.gr/source/http.hq.e-food.gr..txt
http,80,restaurantsapi.e-food.gr,Successful,/root/Desktop/linkThrasher/Results/EyeWitness/e-food.gr/screens/http.hq.e-food.gr..png,/root/Desktop/linkThrasher/Results/EyeWitness/e-food.gr/source/http.restaurantsapi.e-food.gr..txt
http,80,staging.e-food.gr,Successful,/root/Desktop/linkThrasher/Results/EyeWitness/e-food.gr/screens/http.hq.e-food.gr..png,/root/Desktop/linkThrasher/Results/EyeWitness/e-food.gr/source/http.staging.e-food.gr..txt
http,80,portal.e-food.gr,Successful,/root/Desktop/linkThrasher/Results/EyeWitness/e-food.gr/screens/http.hq.e-food.gr..png,/root/Desktop/linkThrasher/Results/EyeWitness/e-food.gr/source/http.portal.e-food.gr..txt
http,80,hub.e-food.gr,Successful,/root/Desktop/linkThrasher/Results/EyeWitness/e-food.gr/screens/http.hub.e-food.gr..png,/root/Desktop/linkThrasher/Results/EyeWitness/e-food.gr/source/http.hub.e-food.gr..txt
http,80,hquistg.e-food.gr,Successful,/root/Desktop/linkThrasher/Results/EyeWitness/e-food.gr/screens/http.hqassetsstg.e-food.gr..png,/root/Desktop/linkThrasher/Results/EyeWitness/e-food.gr/source/http.hquistg.e-food.gr..txt
http,80,devassets.e-food.gr,Successful,/root/Desktop/linkThrasher/Results/EyeWitness/e-food.gr/screens/http.hq.e-food.gr..png,/root/Desktop/linkThrasher/Results/EyeWitness/e-food.gr/source/http.devassets.e-food.gr..txt
http,80,staticassets.e-food.gr,Successful,/root/Desktop/linkThrasher/Results/EyeWitness/e-food.gr/screens/http.selfservicestg.e-food.gr..png,/root/Desktop/linkThrasher/Results/EyeWitness/e-food.gr/source/http.staticassets.e-food.gr..txt
http,80,paymentsstg.e-food.gr,Successful,/root/Desktop/linkThrasher/Results/EyeWitness/e-food.gr/screens/http.hqassetsstg.e-food.gr..png,/root/Desktop/linkThrasher/Results/EyeWitness/e-food.gr/source/http.paymentsstg.e-food.gr..txt
http,80,hqassetsstg.e-food.gr,Successful,/root/Desktop/linkThrasher/Results/EyeWitness/e-food.gr/screens/http.hqassetsstg.e-food.gr..png,/root/Desktop/linkThrasher/Results/EyeWitness/e-food.gr/source/http.hqassetsstg.e-food.gr..txt
http,80,ops-portal.e-food.gr,Successful,/root/Desktop/linkThrasher/Results/EyeWitness/e-food.gr/screens/http.hq.e-food.gr..png,/root/Desktop/linkThrasher/Results/EyeWitness/e-food.gr/source/http.ops-portal.e-food.gr..txt
http,80,integrations.e-food.gr,Successful,/root/Desktop/linkThrasher/Results/EyeWitness/e-food.gr/screens/http.hqassetsstg.e-food.gr..png,/root/Desktop/linkThrasher/Results/EyeWitness/e-food.gr/source/http.integrations.e-food.gr..txt
http,80,prometheusgateway.e-food.gr,Successful,/root/Desktop/linkThrasher/Results/EyeWitness/e-food.gr/screens/http.prometheusgateway.e-food.gr..png,/root/Desktop/linkThrasher/Results/EyeWitness/e-food.gr/source/http.prometheusgateway.e-food.gr..txt
http,80,brooks.e-food.gr,Successful,/root/Desktop/linkThrasher/Results/EyeWitness/e-food.gr/screens/http.hqassetsstg.e-food.gr..png,/root/Desktop/linkThrasher/Results/EyeWitness/e-food.gr/source/http.brooks.e-food.gr..txt
http,80,nps.e-food.gr,Successful,/root/Desktop/linkThrasher/Results/EyeWitness/e-food.gr/screens/http.hq.e-food.gr..png,/root/Desktop/linkThrasher/Results/EyeWitness/e-food.gr/source/http.nps.e-food.gr..txt
http,80,salesclientsapi.e-food.gr,Successful,/root/Desktop/linkThrasher/Results/EyeWitness/e-food.gr/screens/http.hqassetsstg.e-food.gr..png,/root/Desktop/linkThrasher/Results/EyeWitness/e-food.gr/source/http.salesclientsapi.e-food.gr..txt
http,80,salesapistg.e-food.gr,Successful,/root/Desktop/linkThrasher/Results/EyeWitness/e-food.gr/screens/http.hq.e-food.gr..png,/root/Desktop/linkThrasher/Results/EyeWitness/e-food.gr/source/http.salesapistg.e-food.gr..txt
http,80,privacystg.e-food.gr,Successful,/root/Desktop/linkThrasher/Results/EyeWitness/e-food.gr/screens/http.hq.e-food.gr..png,/root/Desktop/linkThrasher/Results/EyeWitness/e-food.gr/source/http.privacystg.e-food.gr..txt
http,80,rc.e-food.gr,Successful,/root/Desktop/linkThrasher/Results/EyeWitness/e-food.gr/screens/http.hq.e-food.gr..png,/root/Desktop/linkThrasher/Results/EyeWitness/e-food.gr/source/http.rc.e-food.gr..txt
http,80,riders.e-food.gr,Successful,/root/Desktop/linkThrasher/Results/EyeWitness/e-food.gr/screens/http.riders.e-food.gr..png,/root/Desktop/linkThrasher/Results/EyeWitness/e-food.gr/source/http.riders.e-food.gr..txt
http,80,hqstg.e-food.gr,Successful,/root/Desktop/linkThrasher/Results/EyeWitness/e-food.gr/screens/http.hq.e-food.gr..png,/root/Desktop/linkThrasher/Results/EyeWitness/e-food.gr/source/http.hqstg.e-food.gr..txt
http,80,apistg.e-food.gr,Successful,/root/Desktop/linkThrasher/Results/EyeWitness/e-food.gr/screens/http.hq.e-food.gr..png,/root/Desktop/linkThrasher/Results/EyeWitness/e-food.gr/source/http.apistg.e-food.gr..txt
http,80,hqassets.e-food.gr,Successful,/root/Desktop/linkThrasher/Results/EyeWitness/e-food.gr/screens/http.devstatic.e-food.gr..png,/root/Desktop/linkThrasher/Results/EyeWitness/e-food.gr/source/http.hqassets.e-food.gr..txt
http,80,link.e-food.gr,Successful,/root/Desktop/linkThrasher/Results/EyeWitness/e-food.gr/screens/http.hqassetsstg.e-food.gr..png,/root/Desktop/linkThrasher/Results/EyeWitness/e-food.gr/source/http.link.e-food.gr..txt
http,80,api.stg.e-food.gr,Successful,/root/Desktop/linkThrasher/Results/EyeWitness/e-food.gr/screens/http.hq.e-food.gr..png,/root/Desktop/linkThrasher/Results/EyeWitness/e-food.gr/source/http.api.stg.e-food.gr..txt
http,80,to.e-food.gr,Successful,/root/Desktop/linkThrasher/Results/EyeWitness/e-food.gr/screens/http.hq.e-food.gr..png,/root/Desktop/linkThrasher/Results/EyeWitness/e-food.gr/source/http.to.e-food.gr..txt
http,80,clientsstg.e-food.gr,Successful,/root/Desktop/linkThrasher/Results/EyeWitness/e-food.gr/screens/http.clientsstg.e-food.gr..png,/root/Desktop/linkThrasher/Results/EyeWitness/e-food.gr/source/http.clientsstg.e-food.gr..txt
http,80,privacyapi-test.e-food.gr,Successful,/root/Desktop/linkThrasher/Results/EyeWitness/e-food.gr/screens/http.selfservicestg.e-food.gr..png,/root/Desktop/linkThrasher/Results/EyeWitness/e-food.gr/source/http.privacyapi-test.e-food.gr..txt
http,80,www.e-food.gr,Successful,/root/Desktop/linkThrasher/Results/EyeWitness/e-food.gr/screens/http.www.e-food.gr..png,/root/Desktop/linkThrasher/Results/EyeWitness/e-food.gr/source/http.www.e-food.gr..txt
http,80,email.riders.e-food.gr,Successful,/root/Desktop/linkThrasher/Results/EyeWitness/e-food.gr/screens/http.email.rider.e-food.gr..png,/root/Desktop/linkThrasher/Results/EyeWitness/e-food.gr/source/http.email.riders.e-food.gr..txt
http,80,e-food.gr,Successful,/root/Desktop/linkThrasher/Results/EyeWitness/e-food.gr/screens/http.e-food.gr..png,/root/Desktop/linkThrasher/Results/EyeWitness/e-food.gr/source/http.e-food.gr..txt
http,80,grafana.e-food.gr,Successful,/root/Desktop/linkThrasher/Results/EyeWitness/e-food.gr/screens/http.selfservicestg.e-food.gr..png,/root/Desktop/linkThrasher/Results/EyeWitness/e-food.gr/source/http.grafana.e-food.gr..txt
http,80,posnew.e-food.gr,Successful,/root/Desktop/linkThrasher/Results/EyeWitness/e-food.gr/screens/http.apiorder.e-food.gr..png,/root/Desktop/linkThrasher/Results/EyeWitness/e-food.gr/source/http.posnew.e-food.gr..txt
http,80,ridersacademy.e-food.gr,Timeout,/root/Desktop/linkThrasher/Results/EyeWitness/e-food.gr/screens/http.ridersacademy.e-food.gr..png,/root/Desktop/linkThrasher/Results/EyeWitness/e-food.gr/source/http.ridersacademy.e-food.gr..txt
http,80,email.rider.e-food.gr,Successful,/root/Desktop/linkThrasher/Results/EyeWitness/e-food.gr/screens/http.email.rider.e-food.gr..png,/root/Desktop/linkThrasher/Results/EyeWitness/e-food.gr/source/http.email.rider.e-food.gr..txt
http,80,email.efoodlove.e-food.gr,Successful,/root/Desktop/linkThrasher/Results/EyeWitness/e-food.gr/screens/http.email.rider.e-food.gr..png,/root/Desktop/linkThrasher/Results/EyeWitness/e-food.gr/source/http.email.efoodlove.e-food.gr..txt