URL,80
http://www.manulifebankbrokerservices.ca/,X,
http://mobiletest.manulifebankbrokerservices.ca/,X,
http://staging.manulifebankbrokerservices.ca/,X,
http://stagingmobile.manulifebankbrokerservices.ca/,X,
http://staginginsreply.manulifebankbrokerservices.ca/,X,
http://test.manulifebankbrokerservices.ca/,X,
http://insreply.manulifebankbrokerservices.ca/,X,
http://mobile.manulifebankbrokerservices.ca/,X,
http://test2.manulifebankbrokerservices.ca/,X,
http://mobiletest2.manulifebankbrokerservices.ca/,X,
http://testinsreply.manulifebankbrokerservices.ca/,X,
http://manulifebankbrokerservices.ca/,X,