Protocol,Port,Domain,Request Status,Screenshot Path, Source Path
http,80,www.manulifebankbrokerservices.ca,Successful,/root/Desktop/linkThrasher/Results/EyeWitness/manulifebankbrokerservices.ca/screens/http.www.manulifebankbrokerservices.ca..png,/root/Desktop/linkThrasher/Results/EyeWitness/manulifebankbrokerservices.ca/source/http.www.manulifebankbrokerservices.ca..txt
http,80,mobiletest.manulifebankbrokerservices.ca,Successful,/root/Desktop/linkThrasher/Results/EyeWitness/manulifebankbrokerservices.ca/screens/http.mobiletest.manulifebankbrokerservices.ca..png,/root/Desktop/linkThrasher/Results/EyeWitness/manulifebankbrokerservices.ca/source/http.mobiletest.manulifebankbrokerservices.ca..txt
http,80,staging.manulifebankbrokerservices.ca,Successful,/root/Desktop/linkThrasher/Results/EyeWitness/manulifebankbrokerservices.ca/screens/http.staging.manulifebankbrokerservices.ca..png,/root/Desktop/linkThrasher/Results/EyeWitness/manulifebankbrokerservices.ca/source/http.staging.manulifebankbrokerservices.ca..txt
http,80,stagingmobile.manulifebankbrokerservices.ca,Successful,/root/Desktop/linkThrasher/Results/EyeWitness/manulifebankbrokerservices.ca/screens/http.stagingmobile.manulifebankbrokerservices.ca..png,/root/Desktop/linkThrasher/Results/EyeWitness/manulifebankbrokerservices.ca/source/http.stagingmobile.manulifebankbrokerservices.ca..txt
http,80,staginginsreply.manulifebankbrokerservices.ca,Successful,/root/Desktop/linkThrasher/Results/EyeWitness/manulifebankbrokerservices.ca/screens/http.staginginsreply.manulifebankbrokerservices.ca..png,/root/Desktop/linkThrasher/Results/EyeWitness/manulifebankbrokerservices.ca/source/http.staginginsreply.manulifebankbrokerservices.ca..txt
http,80,test.manulifebankbrokerservices.ca,Successful,/root/Desktop/linkThrasher/Results/EyeWitness/manulifebankbrokerservices.ca/screens/http.test.manulifebankbrokerservices.ca..png,/root/Desktop/linkThrasher/Results/EyeWitness/manulifebankbrokerservices.ca/source/http.test.manulifebankbrokerservices.ca..txt
http,80,insreply.manulifebankbrokerservices.ca,Successful,/root/Desktop/linkThrasher/Results/EyeWitness/manulifebankbrokerservices.ca/screens/http.insreply.manulifebankbrokerservices.ca..png,/root/Desktop/linkThrasher/Results/EyeWitness/manulifebankbrokerservices.ca/source/http.insreply.manulifebankbrokerservices.ca..txt
http,80,mobile.manulifebankbrokerservices.ca,Successful,/root/Desktop/linkThrasher/Results/EyeWitness/manulifebankbrokerservices.ca/screens/http.mobile.manulifebankbrokerservices.ca..png,/root/Desktop/linkThrasher/Results/EyeWitness/manulifebankbrokerservices.ca/source/http.mobile.manulifebankbrokerservices.ca..txt
http,80,test2.manulifebankbrokerservices.ca,Successful,/root/Desktop/linkThrasher/Results/EyeWitness/manulifebankbrokerservices.ca/screens/http.test2.manulifebankbrokerservices.ca..png,/root/Desktop/linkThrasher/Results/EyeWitness/manulifebankbrokerservices.ca/source/http.test2.manulifebankbrokerservices.ca..txt
http,80,mobiletest2.manulifebankbrokerservices.ca,Successful,/root/Desktop/linkThrasher/Results/EyeWitness/manulifebankbrokerservices.ca/screens/http.mobiletest2.manulifebankbrokerservices.ca..png,/root/Desktop/linkThrasher/Results/EyeWitness/manulifebankbrokerservices.ca/source/http.mobiletest2.manulifebankbrokerservices.ca..txt
http,80,testinsreply.manulifebankbrokerservices.ca,Successful,/root/Desktop/linkThrasher/Results/EyeWitness/manulifebankbrokerservices.ca/screens/http.testinsreply.manulifebankbrokerservices.ca..png,/root/Desktop/linkThrasher/Results/EyeWitness/manulifebankbrokerservices.ca/source/http.testinsreply.manulifebankbrokerservices.ca..txt
http,80,manulifebankbrokerservices.ca,Successful,/root/Desktop/linkThrasher/Results/EyeWitness/manulifebankbrokerservices.ca/screens/http.manulifebankbrokerservices.ca..png,/root/Desktop/linkThrasher/Results/EyeWitness/manulifebankbrokerservices.ca/source/http.manulifebankbrokerservices.ca..txt