URL,80
http://stg-contact-center-api-gateway.pedidosya.com/,X,
http://docs.pedidosya.com/,X,
http://orders-api.pedidosya.com/,X,
http://dev.pedidosya.com/,X,
http://centrodesocios.pedidosya.com/,X,
http://backoffice-app.pedidosya.com/,X,
http://envios.pedidosya.com/,X,
http://backoffice.pedidosya.com/,X,
http://empleos.pedidosya.com/,X,
http://backend.pedidosya.com/,X,
http://portal.pedidosya.com/,X,
http://docs-vtex.envios.pedidosya.com/,X,
http://email.pedidosya.com/,X,
http://pedidosya.com/,X,
http://to.pedidosya.com/,X,
http://fddkim.pedidosya.com/,X,
http://peyaanalyze.pedidosya.com/,X,
http://docs-tiendanube.envios.pedidosya.com/,X,
http://empleosmarkets.pedidosya.com/,X,
http://docs-woocommerce.envios.pedidosya.com/,X,
http://preonboarding.pedidosya.com/,X,
http://stg-mobile-api.pedidosya.com/,X,
http://vtex.envios.pedidosya.com/,X,
http://calendar.pedidosya.com/,X,
http://ablink.ssu.pedidosya.com/,X,
http://socios.pedidosya.com/,X,
http://staging.pedidosya.com/,X,
http://tiendanube.envios.pedidosya.com/,X,
http://developers.pedidosya.com/,X,
http://mobile-api.pedidosya.com/,X,
http://stg-orders-api.pedidosya.com/,X,
http://bieneficios.pedidosya.com/,X,
http://ops-portal.pedidosya.com/,X,
http://www.pedidosya.com/,X,
http://corporate.pedidosya.com/,X,
http://bienvenida.pedidosya.com/,X,
http://mail.pedidosya.com/,X,
http://client-api-gateway.pedidosya.com/,X,
http://ablink.rider.pedidosya.com/,X,
http://labs.pedidosya.com/,X,