Protocol,Port,Domain,Request Status,Screenshot Path, Source Path
http,80,stg-contact-center-api-gateway.pedidosya.com,Successful,/root/Desktop/linkThrasher/Results/EyeWitness/pedidosya.com/screens/http.stg-contact-center-api-gateway.pedidosya.com..png,/root/Desktop/linkThrasher/Results/EyeWitness/pedidosya.com/source/http.stg-contact-center-api-gateway.pedidosya.com..txt
http,80,docs.pedidosya.com,Successful,/root/Desktop/linkThrasher/Results/EyeWitness/pedidosya.com/screens/http.mail.pedidosya.com..png,/root/Desktop/linkThrasher/Results/EyeWitness/pedidosya.com/source/http.docs.pedidosya.com..txt
http,80,orders-api.pedidosya.com,Successful,/root/Desktop/linkThrasher/Results/EyeWitness/pedidosya.com/screens/http.orders-api.pedidosya.com..png,/root/Desktop/linkThrasher/Results/EyeWitness/pedidosya.com/source/http.orders-api.pedidosya.com..txt
http,80,dev.pedidosya.com,Successful,/root/Desktop/linkThrasher/Results/EyeWitness/pedidosya.com/screens/http.dev.pedidosya.com..png,/root/Desktop/linkThrasher/Results/EyeWitness/pedidosya.com/source/http.dev.pedidosya.com..txt
http,80,centrodesocios.pedidosya.com,Successful,/root/Desktop/linkThrasher/Results/EyeWitness/pedidosya.com/screens/http.centrodesocios.pedidosya.com..png,/root/Desktop/linkThrasher/Results/EyeWitness/pedidosya.com/source/http.centrodesocios.pedidosya.com..txt
http,80,backoffice-app.pedidosya.com,Successful,/root/Desktop/linkThrasher/Results/EyeWitness/pedidosya.com/screens/http.backoffice-app.pedidosya.com..png,/root/Desktop/linkThrasher/Results/EyeWitness/pedidosya.com/source/http.backoffice-app.pedidosya.com..txt
http,80,envios.pedidosya.com,Successful,/root/Desktop/linkThrasher/Results/EyeWitness/pedidosya.com/screens/http.envios.pedidosya.com..png,/root/Desktop/linkThrasher/Results/EyeWitness/pedidosya.com/source/http.envios.pedidosya.com..txt
http,80,backoffice.pedidosya.com,Successful,/root/Desktop/linkThrasher/Results/EyeWitness/pedidosya.com/screens/http.backoffice.pedidosya.com..png,/root/Desktop/linkThrasher/Results/EyeWitness/pedidosya.com/source/http.backoffice.pedidosya.com..txt
http,80,empleos.pedidosya.com,Timeout,/root/Desktop/linkThrasher/Results/EyeWitness/pedidosya.com/screens/http.empleos.pedidosya.com..png,/root/Desktop/linkThrasher/Results/EyeWitness/pedidosya.com/source/http.empleos.pedidosya.com..txt
http,80,backend.pedidosya.com,Timeout,/root/Desktop/linkThrasher/Results/EyeWitness/pedidosya.com/screens/http.backend.pedidosya.com..png,/root/Desktop/linkThrasher/Results/EyeWitness/pedidosya.com/source/http.backend.pedidosya.com..txt
http,80,portal.pedidosya.com,Timeout,/root/Desktop/linkThrasher/Results/EyeWitness/pedidosya.com/screens/http.portal.pedidosya.com..png,/root/Desktop/linkThrasher/Results/EyeWitness/pedidosya.com/source/http.portal.pedidosya.com..txt
http,80,docs-vtex.envios.pedidosya.com,Successful,/root/Desktop/linkThrasher/Results/EyeWitness/pedidosya.com/screens/http.docs-vtex.envios.pedidosya.com..png,/root/Desktop/linkThrasher/Results/EyeWitness/pedidosya.com/source/http.docs-vtex.envios.pedidosya.com..txt
http,80,email.pedidosya.com,Successful,/root/Desktop/linkThrasher/Results/EyeWitness/pedidosya.com/screens/http.email.pedidosya.com..png,/root/Desktop/linkThrasher/Results/EyeWitness/pedidosya.com/source/http.email.pedidosya.com..txt
http,80,pedidosya.com,Successful,/root/Desktop/linkThrasher/Results/EyeWitness/pedidosya.com/screens/http.pedidosya.com..png,/root/Desktop/linkThrasher/Results/EyeWitness/pedidosya.com/source/http.pedidosya.com..txt
http,80,to.pedidosya.com,Successful,/root/Desktop/linkThrasher/Results/EyeWitness/pedidosya.com/screens/http.to.pedidosya.com..png,/root/Desktop/linkThrasher/Results/EyeWitness/pedidosya.com/source/http.to.pedidosya.com..txt
http,80,fddkim.pedidosya.com,Successful,/root/Desktop/linkThrasher/Results/EyeWitness/pedidosya.com/screens/http.fddkim.pedidosya.com..png,/root/Desktop/linkThrasher/Results/EyeWitness/pedidosya.com/source/http.fddkim.pedidosya.com..txt
http,80,peyaanalyze.pedidosya.com,Successful,/root/Desktop/linkThrasher/Results/EyeWitness/pedidosya.com/screens/http.peyaanalyze.pedidosya.com..png,/root/Desktop/linkThrasher/Results/EyeWitness/pedidosya.com/source/http.peyaanalyze.pedidosya.com..txt
http,80,docs-tiendanube.envios.pedidosya.com,Successful,/root/Desktop/linkThrasher/Results/EyeWitness/pedidosya.com/screens/http.docs-tiendanube.envios.pedidosya.com..png,/root/Desktop/linkThrasher/Results/EyeWitness/pedidosya.com/source/http.docs-tiendanube.envios.pedidosya.com..txt
http,80,empleosmarkets.pedidosya.com,Timeout,/root/Desktop/linkThrasher/Results/EyeWitness/pedidosya.com/screens/http.empleosmarkets.pedidosya.com..png,/root/Desktop/linkThrasher/Results/EyeWitness/pedidosya.com/source/http.empleosmarkets.pedidosya.com..txt
http,80,docs-woocommerce.envios.pedidosya.com,Successful,/root/Desktop/linkThrasher/Results/EyeWitness/pedidosya.com/screens/http.docs-woocommerce.envios.pedidosya.com..png,/root/Desktop/linkThrasher/Results/EyeWitness/pedidosya.com/source/http.docs-woocommerce.envios.pedidosya.com..txt
http,80,preonboarding.pedidosya.com,Timeout,/root/Desktop/linkThrasher/Results/EyeWitness/pedidosya.com/screens/http.preonboarding.pedidosya.com..png,/root/Desktop/linkThrasher/Results/EyeWitness/pedidosya.com/source/http.preonboarding.pedidosya.com..txt
http,80,stg-mobile-api.pedidosya.com,Successful,/root/Desktop/linkThrasher/Results/EyeWitness/pedidosya.com/screens/http.stg-mobile-api.pedidosya.com..png,/root/Desktop/linkThrasher/Results/EyeWitness/pedidosya.com/source/http.stg-mobile-api.pedidosya.com..txt
http,80,vtex.envios.pedidosya.com,Successful,/root/Desktop/linkThrasher/Results/EyeWitness/pedidosya.com/screens/http.tiendanube.envios.pedidosya.com..png,/root/Desktop/linkThrasher/Results/EyeWitness/pedidosya.com/source/http.vtex.envios.pedidosya.com..txt
http,80,calendar.pedidosya.com,Successful,/root/Desktop/linkThrasher/Results/EyeWitness/pedidosya.com/screens/http.mail.pedidosya.com..png,/root/Desktop/linkThrasher/Results/EyeWitness/pedidosya.com/source/http.calendar.pedidosya.com..txt
http,80,ablink.ssu.pedidosya.com,Successful,/root/Desktop/linkThrasher/Results/EyeWitness/pedidosya.com/screens/http.email.pedidosya.com..png,/root/Desktop/linkThrasher/Results/EyeWitness/pedidosya.com/source/http.ablink.ssu.pedidosya.com..txt
http,80,socios.pedidosya.com,Timeout,/root/Desktop/linkThrasher/Results/EyeWitness/pedidosya.com/screens/http.socios.pedidosya.com..png,/root/Desktop/linkThrasher/Results/EyeWitness/pedidosya.com/source/http.socios.pedidosya.com..txt
http,80,staging.pedidosya.com,Successful,/root/Desktop/linkThrasher/Results/EyeWitness/pedidosya.com/screens/http.staging.pedidosya.com..png,/root/Desktop/linkThrasher/Results/EyeWitness/pedidosya.com/source/http.staging.pedidosya.com..txt
http,80,tiendanube.envios.pedidosya.com,Successful,/root/Desktop/linkThrasher/Results/EyeWitness/pedidosya.com/screens/http.tiendanube.envios.pedidosya.com..png,/root/Desktop/linkThrasher/Results/EyeWitness/pedidosya.com/source/http.tiendanube.envios.pedidosya.com..txt
http,80,developers.pedidosya.com,Timeout,/root/Desktop/linkThrasher/Results/EyeWitness/pedidosya.com/screens/http.developers.pedidosya.com..png,/root/Desktop/linkThrasher/Results/EyeWitness/pedidosya.com/source/http.developers.pedidosya.com..txt
http,80,mobile-api.pedidosya.com,Successful,/root/Desktop/linkThrasher/Results/EyeWitness/pedidosya.com/screens/http.mobile-api.pedidosya.com..png,/root/Desktop/linkThrasher/Results/EyeWitness/pedidosya.com/source/http.mobile-api.pedidosya.com..txt
http,80,stg-orders-api.pedidosya.com,Successful,/root/Desktop/linkThrasher/Results/EyeWitness/pedidosya.com/screens/http.orders-api.pedidosya.com..png,/root/Desktop/linkThrasher/Results/EyeWitness/pedidosya.com/source/http.stg-orders-api.pedidosya.com..txt
http,80,bieneficios.pedidosya.com,Timeout,/root/Desktop/linkThrasher/Results/EyeWitness/pedidosya.com/screens/http.bieneficios.pedidosya.com..png,/root/Desktop/linkThrasher/Results/EyeWitness/pedidosya.com/source/http.bieneficios.pedidosya.com..txt
http,80,ops-portal.pedidosya.com,Timeout,/root/Desktop/linkThrasher/Results/EyeWitness/pedidosya.com/screens/http.ops-portal.pedidosya.com..png,/root/Desktop/linkThrasher/Results/EyeWitness/pedidosya.com/source/http.ops-portal.pedidosya.com..txt
http,80,www.pedidosya.com,Timeout,/root/Desktop/linkThrasher/Results/EyeWitness/pedidosya.com/screens/http.www.pedidosya.com..png,/root/Desktop/linkThrasher/Results/EyeWitness/pedidosya.com/source/http.www.pedidosya.com..txt
http,80,corporate.pedidosya.com,Timeout,/root/Desktop/linkThrasher/Results/EyeWitness/pedidosya.com/screens/http.corporate.pedidosya.com..png,/root/Desktop/linkThrasher/Results/EyeWitness/pedidosya.com/source/http.corporate.pedidosya.com..txt
http,80,bienvenida.pedidosya.com,Timeout,/root/Desktop/linkThrasher/Results/EyeWitness/pedidosya.com/screens/http.bienvenida.pedidosya.com..png,/root/Desktop/linkThrasher/Results/EyeWitness/pedidosya.com/source/http.bienvenida.pedidosya.com..txt
http,80,mail.pedidosya.com,Successful,/root/Desktop/linkThrasher/Results/EyeWitness/pedidosya.com/screens/http.mail.pedidosya.com..png,/root/Desktop/linkThrasher/Results/EyeWitness/pedidosya.com/source/http.mail.pedidosya.com..txt
http,80,client-api-gateway.pedidosya.com,Successful,/root/Desktop/linkThrasher/Results/EyeWitness/pedidosya.com/screens/http.mobile-api.pedidosya.com..png,/root/Desktop/linkThrasher/Results/EyeWitness/pedidosya.com/source/http.client-api-gateway.pedidosya.com..txt
http,80,ablink.rider.pedidosya.com,Successful,/root/Desktop/linkThrasher/Results/EyeWitness/pedidosya.com/screens/http.email.pedidosya.com..png,/root/Desktop/linkThrasher/Results/EyeWitness/pedidosya.com/source/http.ablink.rider.pedidosya.com..txt
http,80,labs.pedidosya.com,Successful,/root/Desktop/linkThrasher/Results/EyeWitness/pedidosya.com/screens/http.labs.pedidosya.com..png,/root/Desktop/linkThrasher/Results/EyeWitness/pedidosya.com/source/http.labs.pedidosya.com..txt