URL,80
http://devokr.aa.com/,X,
http://saleslink-insights.aa.com/,X,
http://stage.biddinghub.aa.com/,X,
http://www.fb-stg.aa.com/,X,
http://rrr.aa.com/,X,
http://idpcdc.aa.com/,X,
http://sales.dev.aa.com/,X,
http://smlogin.aa.com/,X,
http://global.aa.com/,X,
http://darma-stage.aa.com/,X,
http://travelplanner.stage.etp.aa.com/,X,
http://csmstage.aa.com/,X,
http://airpass.aa.com/,X,
http://biometrics.stage.aa.com/,X,
http://employeetravel.stage.aa.com/,X,
http://i.r.ms.aa.com/,X,
http://newjetnet.uat.aa.com/,X,
http://frd-feeder.aa.com/,X,
http://flightweb-inflow-api.aa.com/,X,
http://seatselect.aa.com/,X,
http://getng-stage.aa.com/,X,
http://nonprod-login.aa.com/,X,
http://cdn.qa3.flyaa.aa.com/,X,
http://o365spo-test.aa.com/,X,
http://get.apt360.aa.com/,X,
http://api-stage.fly.aa.com/,X,
http://cdn.flyaa.aa.com/,X,
http://techopshub.me.aa.com/,X,
http://gsa.aa.com/,X,
http://pilotpbs-stg.aa.com/,X,