Protocol,Port,Domain,Request Status,Screenshot Path, Source Path
http,80,devokr.aa.com,Successful,/root/Desktop/linkThrasher/Results/EyeWitness/aa.com/22/screens/http.stage.biddinghub.aa.com..png,/root/Desktop/linkThrasher/Results/EyeWitness/aa.com/22/source/http.devokr.aa.com..txt
http,80,saleslink-insights.aa.com,Successful,/root/Desktop/linkThrasher/Results/EyeWitness/aa.com/22/screens/http.saleslink-insights.aa.com..png,/root/Desktop/linkThrasher/Results/EyeWitness/aa.com/22/source/http.saleslink-insights.aa.com..txt
http,80,stage.biddinghub.aa.com,Successful,/root/Desktop/linkThrasher/Results/EyeWitness/aa.com/22/screens/http.stage.biddinghub.aa.com..png,/root/Desktop/linkThrasher/Results/EyeWitness/aa.com/22/source/http.stage.biddinghub.aa.com..txt
http,80,www.fb-stg.aa.com,Successful,/root/Desktop/linkThrasher/Results/EyeWitness/aa.com/22/screens/http.stage.biddinghub.aa.com..png,/root/Desktop/linkThrasher/Results/EyeWitness/aa.com/22/source/http.www.fb-stg.aa.com..txt
http,80,rrr.aa.com,Successful,/root/Desktop/linkThrasher/Results/EyeWitness/aa.com/22/screens/http.stage.biddinghub.aa.com..png,/root/Desktop/linkThrasher/Results/EyeWitness/aa.com/22/source/http.rrr.aa.com..txt
http,80,idpcdc.aa.com,Successful,/root/Desktop/linkThrasher/Results/EyeWitness/aa.com/22/screens/http.idpcdc.aa.com..png,/root/Desktop/linkThrasher/Results/EyeWitness/aa.com/22/source/http.idpcdc.aa.com..txt
http,80,sales.dev.aa.com,Successful,/root/Desktop/linkThrasher/Results/EyeWitness/aa.com/22/screens/http.sales.dev.aa.com..png,/root/Desktop/linkThrasher/Results/EyeWitness/aa.com/22/source/http.sales.dev.aa.com..txt
http,80,smlogin.aa.com,Successful,/root/Desktop/linkThrasher/Results/EyeWitness/aa.com/22/screens/http.smlogin.aa.com..png,/root/Desktop/linkThrasher/Results/EyeWitness/aa.com/22/source/http.smlogin.aa.com..txt
http,80,global.aa.com,Successful,/root/Desktop/linkThrasher/Results/EyeWitness/aa.com/22/screens/http.stage.biddinghub.aa.com..png,/root/Desktop/linkThrasher/Results/EyeWitness/aa.com/22/source/http.global.aa.com..txt
http,80,darma-stage.aa.com,Successful,/root/Desktop/linkThrasher/Results/EyeWitness/aa.com/22/screens/http.darma-stage.aa.com..png,/root/Desktop/linkThrasher/Results/EyeWitness/aa.com/22/source/http.darma-stage.aa.com..txt
http,80,travelplanner.stage.etp.aa.com,Successful,/root/Desktop/linkThrasher/Results/EyeWitness/aa.com/22/screens/http.stage.biddinghub.aa.com..png,/root/Desktop/linkThrasher/Results/EyeWitness/aa.com/22/source/http.travelplanner.stage.etp.aa.com..txt
http,80,csmstage.aa.com,Successful,/root/Desktop/linkThrasher/Results/EyeWitness/aa.com/22/screens/http.stage.biddinghub.aa.com..png,/root/Desktop/linkThrasher/Results/EyeWitness/aa.com/22/source/http.csmstage.aa.com..txt
http,80,airpass.aa.com,Successful,/root/Desktop/linkThrasher/Results/EyeWitness/aa.com/22/screens/http.airpass.aa.com..png,/root/Desktop/linkThrasher/Results/EyeWitness/aa.com/22/source/http.airpass.aa.com..txt
http,80,biometrics.stage.aa.com,Successful,/root/Desktop/linkThrasher/Results/EyeWitness/aa.com/22/screens/http.biometrics.stage.aa.com..png,/root/Desktop/linkThrasher/Results/EyeWitness/aa.com/22/source/http.biometrics.stage.aa.com..txt
http,80,employeetravel.stage.aa.com,Successful,/root/Desktop/linkThrasher/Results/EyeWitness/aa.com/22/screens/http.employeetravel.stage.aa.com..png,/root/Desktop/linkThrasher/Results/EyeWitness/aa.com/22/source/http.employeetravel.stage.aa.com..txt
http,80,i.r.ms.aa.com,Successful,/root/Desktop/linkThrasher/Results/EyeWitness/aa.com/22/screens/http.i.r.ms.aa.com..png,/root/Desktop/linkThrasher/Results/EyeWitness/aa.com/22/source/http.i.r.ms.aa.com..txt
http,80,newjetnet.uat.aa.com,Successful,/root/Desktop/linkThrasher/Results/EyeWitness/aa.com/22/screens/http.stage.biddinghub.aa.com..png,/root/Desktop/linkThrasher/Results/EyeWitness/aa.com/22/source/http.newjetnet.uat.aa.com..txt
http,80,frd-feeder.aa.com,Successful,/root/Desktop/linkThrasher/Results/EyeWitness/aa.com/22/screens/http.frd-feeder.aa.com..png,/root/Desktop/linkThrasher/Results/EyeWitness/aa.com/22/source/http.frd-feeder.aa.com..txt
http,80,flightweb-inflow-api.aa.com,Successful,/root/Desktop/linkThrasher/Results/EyeWitness/aa.com/22/screens/http.flightweb-inflow-api.aa.com..png,/root/Desktop/linkThrasher/Results/EyeWitness/aa.com/22/source/http.flightweb-inflow-api.aa.com..txt
http,80,seatselect.aa.com,Successful,/root/Desktop/linkThrasher/Results/EyeWitness/aa.com/22/screens/http.seatselect.aa.com..png,/root/Desktop/linkThrasher/Results/EyeWitness/aa.com/22/source/http.seatselect.aa.com..txt
http,80,getng-stage.aa.com,Successful,/root/Desktop/linkThrasher/Results/EyeWitness/aa.com/22/screens/http.stage.biddinghub.aa.com..png,/root/Desktop/linkThrasher/Results/EyeWitness/aa.com/22/source/http.getng-stage.aa.com..txt
http,80,nonprod-login.aa.com,Successful,/root/Desktop/linkThrasher/Results/EyeWitness/aa.com/22/screens/http.nonprod-login.aa.com..png,/root/Desktop/linkThrasher/Results/EyeWitness/aa.com/22/source/http.nonprod-login.aa.com..txt
http,80,cdn.qa3.flyaa.aa.com,Successful,/root/Desktop/linkThrasher/Results/EyeWitness/aa.com/22/screens/http.cdn.qa3.flyaa.aa.com..png,/root/Desktop/linkThrasher/Results/EyeWitness/aa.com/22/source/http.cdn.qa3.flyaa.aa.com..txt
http,80,o365spo-test.aa.com,Successful,/root/Desktop/linkThrasher/Results/EyeWitness/aa.com/22/screens/http.o365spo-test.aa.com..png,/root/Desktop/linkThrasher/Results/EyeWitness/aa.com/22/source/http.o365spo-test.aa.com..txt
http,80,get.apt360.aa.com,Successful,/root/Desktop/linkThrasher/Results/EyeWitness/aa.com/22/screens/http.get.apt360.aa.com..png,/root/Desktop/linkThrasher/Results/EyeWitness/aa.com/22/source/http.get.apt360.aa.com..txt
http,80,api-stage.fly.aa.com,Successful,/root/Desktop/linkThrasher/Results/EyeWitness/aa.com/22/screens/http.api-stage.fly.aa.com..png,/root/Desktop/linkThrasher/Results/EyeWitness/aa.com/22/source/http.api-stage.fly.aa.com..txt
http,80,cdn.flyaa.aa.com,Successful,/root/Desktop/linkThrasher/Results/EyeWitness/aa.com/22/screens/http.cdn.flyaa.aa.com..png,/root/Desktop/linkThrasher/Results/EyeWitness/aa.com/22/source/http.cdn.flyaa.aa.com..txt
http,80,techopshub.me.aa.com,Successful,/root/Desktop/linkThrasher/Results/EyeWitness/aa.com/22/screens/http.techopshub.me.aa.com..png,/root/Desktop/linkThrasher/Results/EyeWitness/aa.com/22/source/http.techopshub.me.aa.com..txt
http,80,gsa.aa.com,Successful,/root/Desktop/linkThrasher/Results/EyeWitness/aa.com/22/screens/http.stage.biddinghub.aa.com..png,/root/Desktop/linkThrasher/Results/EyeWitness/aa.com/22/source/http.gsa.aa.com..txt
http,80,pilotpbs-stg.aa.com,Successful,/root/Desktop/linkThrasher/Results/EyeWitness/aa.com/22/screens/http.pilotpbs-stg.aa.com..png,/root/Desktop/linkThrasher/Results/EyeWitness/aa.com/22/source/http.pilotpbs-stg.aa.com..txt