Protocol,Port,Domain,Request Status,Screenshot Path, Source Path
http,80,aws1.f1technical.net,Successful,/root/Desktop/linkThrasher/Results/EyeWitness/f1technical.net/screens/http.aws1.f1technical.net..png,/root/Desktop/linkThrasher/Results/EyeWitness/f1technical.net/source/http.aws1.f1technical.net..txt
http,80,w1.f1technical.net,Timeout,/root/Desktop/linkThrasher/Results/EyeWitness/f1technical.net/screens/http.w1.f1technical.net..png,/root/Desktop/linkThrasher/Results/EyeWitness/f1technical.net/source/http.w1.f1technical.net..txt
http,80,f1technical.net,Successful,/root/Desktop/linkThrasher/Results/EyeWitness/f1technical.net/screens/http.f1technical.net..png,/root/Desktop/linkThrasher/Results/EyeWitness/f1technical.net/source/http.f1technical.net..txt
http,80,web4.f1technical.net,Successful,/root/Desktop/linkThrasher/Results/EyeWitness/f1technical.net/screens/http.web4.f1technical.net..png,/root/Desktop/linkThrasher/Results/EyeWitness/f1technical.net/source/http.web4.f1technical.net..txt
http,80,www.f1technical.net,Timeout,/root/Desktop/linkThrasher/Results/EyeWitness/f1technical.net/screens/http.www.f1technical.net..png,/root/Desktop/linkThrasher/Results/EyeWitness/f1technical.net/source/http.www.f1technical.net..txt
http,80,maywww.f1technical.net,Timeout,/root/Desktop/linkThrasher/Results/EyeWitness/f1technical.net/screens/http.maywww.f1technical.net..png,/root/Desktop/linkThrasher/Results/EyeWitness/f1technical.net/source/http.maywww.f1technical.net..txt
http,80,drnusaifonline.comwww.f1technical.net,Timeout,/root/Desktop/linkThrasher/Results/EyeWitness/f1technical.net/screens/http.drnusaifonline.comwww.f1technical.net..png,/root/Desktop/linkThrasher/Results/EyeWitness/f1technical.net/source/http.drnusaifonline.comwww.f1technical.net..txt