URL,80
http://email.doppler.com/,X,
http://14655775.staging.doppler.com/,X,
http://app.doppler.com/,X,
http://dash.doppler.com/,X,
http://packages.doppler.com/,X,
http://apidocs.doppler.com/,X,
http://email.staging.doppler.com/,X,
http://api-failover.doppler.com/,X,
http://help.doppler.com/,X,
http://d.doppler.com/,X,
http://api-docs.doppler.com/,X,
http://share.doppler.com/,X,
http://dashboard.doppler.com/,X,
http://share-failover.doppler.com/,X,
http://cli.staging.doppler.com/,X,
http://api.doppler.com/,X,
http://dashboard-failover.doppler.com/,X,
http://staging.doppler.com/,X,
http://staging-api.doppler.com/,X,
http://support.doppler.com/,X,
http://www.doppler.com/,X,
http://blog.doppler.com/,X,
http://status.doppler.com/,X,
http://get.doppler.com/,X,
http://use.doppler.com/,X,
http://cli.doppler.com/,X,
http://trust.doppler.com/,X,
http://security.doppler.com/,X,
http://community.doppler.com/,X,
http://helm.doppler.com/,X,
http://staging-dashboard.doppler.com/,X,
http://docs.doppler.com/,X,
http://redirect.doppler.com/,X,
http://staging-dashboard-failover.doppler.com/,X,
http://preferences.doppler.com/,X,
http://staging-api-failover.doppler.com/,X,