Protocol,Port,Domain,Request Status,Screenshot Path, Source Path
http,80,email.doppler.com,Successful,/root/Desktop/linkThrasher/Results/EyeWitness/doppler.com/screens/http.14655775.staging.doppler.com..png,/root/Desktop/linkThrasher/Results/EyeWitness/doppler.com/source/http.email.doppler.com..txt
http,80,14655775.staging.doppler.com,Successful,/root/Desktop/linkThrasher/Results/EyeWitness/doppler.com/screens/http.14655775.staging.doppler.com..png,/root/Desktop/linkThrasher/Results/EyeWitness/doppler.com/source/http.14655775.staging.doppler.com..txt
http,80,app.doppler.com,Successful,/root/Desktop/linkThrasher/Results/EyeWitness/doppler.com/screens/http.app.doppler.com..png,/root/Desktop/linkThrasher/Results/EyeWitness/doppler.com/source/http.app.doppler.com..txt
http,80,dash.doppler.com,Successful,/root/Desktop/linkThrasher/Results/EyeWitness/doppler.com/screens/http.dash.doppler.com..png,/root/Desktop/linkThrasher/Results/EyeWitness/doppler.com/source/http.dash.doppler.com..txt
http,80,packages.doppler.com,Successful,/root/Desktop/linkThrasher/Results/EyeWitness/doppler.com/screens/http.packages.doppler.com..png,/root/Desktop/linkThrasher/Results/EyeWitness/doppler.com/source/http.packages.doppler.com..txt
http,80,apidocs.doppler.com,Successful,/root/Desktop/linkThrasher/Results/EyeWitness/doppler.com/screens/http.apidocs.doppler.com..png,/root/Desktop/linkThrasher/Results/EyeWitness/doppler.com/source/http.apidocs.doppler.com..txt
http,80,email.staging.doppler.com,Successful,/root/Desktop/linkThrasher/Results/EyeWitness/doppler.com/screens/http.14655775.staging.doppler.com..png,/root/Desktop/linkThrasher/Results/EyeWitness/doppler.com/source/http.email.staging.doppler.com..txt
http,80,api-failover.doppler.com,Successful,/root/Desktop/linkThrasher/Results/EyeWitness/doppler.com/screens/http.api-failover.doppler.com..png,/root/Desktop/linkThrasher/Results/EyeWitness/doppler.com/source/http.api-failover.doppler.com..txt
http,80,help.doppler.com,Successful,/root/Desktop/linkThrasher/Results/EyeWitness/doppler.com/screens/http.help.doppler.com..png,/root/Desktop/linkThrasher/Results/EyeWitness/doppler.com/source/http.help.doppler.com..txt
http,80,d.doppler.com,Successful,/root/Desktop/linkThrasher/Results/EyeWitness/doppler.com/screens/http.d.doppler.com..png,/root/Desktop/linkThrasher/Results/EyeWitness/doppler.com/source/http.d.doppler.com..txt
http,80,api-docs.doppler.com,Successful,/root/Desktop/linkThrasher/Results/EyeWitness/doppler.com/screens/http.api-docs.doppler.com..png,/root/Desktop/linkThrasher/Results/EyeWitness/doppler.com/source/http.api-docs.doppler.com..txt
http,80,share.doppler.com,Successful,/root/Desktop/linkThrasher/Results/EyeWitness/doppler.com/screens/http.share-failover.doppler.com..png,/root/Desktop/linkThrasher/Results/EyeWitness/doppler.com/source/http.share.doppler.com..txt
http,80,dashboard.doppler.com,Successful,/root/Desktop/linkThrasher/Results/EyeWitness/doppler.com/screens/http.dashboard.doppler.com..png,/root/Desktop/linkThrasher/Results/EyeWitness/doppler.com/source/http.dashboard.doppler.com..txt
http,80,share-failover.doppler.com,Successful,/root/Desktop/linkThrasher/Results/EyeWitness/doppler.com/screens/http.share-failover.doppler.com..png,/root/Desktop/linkThrasher/Results/EyeWitness/doppler.com/source/http.share-failover.doppler.com..txt
http,80,cli.staging.doppler.com,Successful,/root/Desktop/linkThrasher/Results/EyeWitness/doppler.com/screens/http.cli.staging.doppler.com..png,/root/Desktop/linkThrasher/Results/EyeWitness/doppler.com/source/http.cli.staging.doppler.com..txt
http,80,api.doppler.com,Successful,/root/Desktop/linkThrasher/Results/EyeWitness/doppler.com/screens/http.api.doppler.com..png,/root/Desktop/linkThrasher/Results/EyeWitness/doppler.com/source/http.api.doppler.com..txt
http,80,dashboard-failover.doppler.com,Successful,/root/Desktop/linkThrasher/Results/EyeWitness/doppler.com/screens/http.dashboard-failover.doppler.com..png,/root/Desktop/linkThrasher/Results/EyeWitness/doppler.com/source/http.dashboard-failover.doppler.com..txt
http,80,staging.doppler.com,Successful,/root/Desktop/linkThrasher/Results/EyeWitness/doppler.com/screens/http.staging-api-failover.doppler.com..png,/root/Desktop/linkThrasher/Results/EyeWitness/doppler.com/source/http.staging.doppler.com..txt
http,80,staging-api.doppler.com,Timeout,/root/Desktop/linkThrasher/Results/EyeWitness/doppler.com/screens/http.staging-api.doppler.com..png,/root/Desktop/linkThrasher/Results/EyeWitness/doppler.com/source/http.staging-api.doppler.com..txt
http,80,support.doppler.com,Timeout,/root/Desktop/linkThrasher/Results/EyeWitness/doppler.com/screens/http.support.doppler.com..png,/root/Desktop/linkThrasher/Results/EyeWitness/doppler.com/source/http.support.doppler.com..txt
http,80,www.doppler.com,Timeout,/root/Desktop/linkThrasher/Results/EyeWitness/doppler.com/screens/http.www.doppler.com..png,/root/Desktop/linkThrasher/Results/EyeWitness/doppler.com/source/http.www.doppler.com..txt
http,80,blog.doppler.com,Successful,/root/Desktop/linkThrasher/Results/EyeWitness/doppler.com/screens/http.blog.doppler.com..png,/root/Desktop/linkThrasher/Results/EyeWitness/doppler.com/source/http.blog.doppler.com..txt
http,80,status.doppler.com,Successful,/root/Desktop/linkThrasher/Results/EyeWitness/doppler.com/screens/http.status.doppler.com..png,/root/Desktop/linkThrasher/Results/EyeWitness/doppler.com/source/http.status.doppler.com..txt
http,80,get.doppler.com,Timeout,/root/Desktop/linkThrasher/Results/EyeWitness/doppler.com/screens/http.get.doppler.com..png,/root/Desktop/linkThrasher/Results/EyeWitness/doppler.com/source/http.get.doppler.com..txt
http,80,use.doppler.com,Timeout,/root/Desktop/linkThrasher/Results/EyeWitness/doppler.com/screens/http.use.doppler.com..png,/root/Desktop/linkThrasher/Results/EyeWitness/doppler.com/source/http.use.doppler.com..txt
http,80,cli.doppler.com,Successful,/root/Desktop/linkThrasher/Results/EyeWitness/doppler.com/screens/http.cli.doppler.com..png,/root/Desktop/linkThrasher/Results/EyeWitness/doppler.com/source/http.cli.doppler.com..txt
http,80,trust.doppler.com,Timeout,/root/Desktop/linkThrasher/Results/EyeWitness/doppler.com/screens/http.trust.doppler.com..png,/root/Desktop/linkThrasher/Results/EyeWitness/doppler.com/source/http.trust.doppler.com..txt
http,80,security.doppler.com,Timeout,/root/Desktop/linkThrasher/Results/EyeWitness/doppler.com/screens/http.security.doppler.com..png,/root/Desktop/linkThrasher/Results/EyeWitness/doppler.com/source/http.security.doppler.com..txt
http,80,community.doppler.com,Timeout,/root/Desktop/linkThrasher/Results/EyeWitness/doppler.com/screens/http.community.doppler.com..png,/root/Desktop/linkThrasher/Results/EyeWitness/doppler.com/source/http.community.doppler.com..txt
http,80,helm.doppler.com,Successful,/root/Desktop/linkThrasher/Results/EyeWitness/doppler.com/screens/http.helm.doppler.com..png,/root/Desktop/linkThrasher/Results/EyeWitness/doppler.com/source/http.helm.doppler.com..txt
http,80,staging-dashboard.doppler.com,Timeout,/root/Desktop/linkThrasher/Results/EyeWitness/doppler.com/screens/http.staging-dashboard.doppler.com..png,/root/Desktop/linkThrasher/Results/EyeWitness/doppler.com/source/http.staging-dashboard.doppler.com..txt
http,80,docs.doppler.com,Timeout,/root/Desktop/linkThrasher/Results/EyeWitness/doppler.com/screens/http.docs.doppler.com..png,/root/Desktop/linkThrasher/Results/EyeWitness/doppler.com/source/http.docs.doppler.com..txt
http,80,redirect.doppler.com,Successful,/root/Desktop/linkThrasher/Results/EyeWitness/doppler.com/screens/http.redirect.doppler.com..png,/root/Desktop/linkThrasher/Results/EyeWitness/doppler.com/source/http.redirect.doppler.com..txt
http,80,staging-dashboard-failover.doppler.com,Successful,/root/Desktop/linkThrasher/Results/EyeWitness/doppler.com/screens/http.staging-dashboard-failover.doppler.com..png,/root/Desktop/linkThrasher/Results/EyeWitness/doppler.com/source/http.staging-dashboard-failover.doppler.com..txt
http,80,preferences.doppler.com,Successful,/root/Desktop/linkThrasher/Results/EyeWitness/doppler.com/screens/http.preferences.doppler.com..png,/root/Desktop/linkThrasher/Results/EyeWitness/doppler.com/source/http.preferences.doppler.com..txt
http,80,staging-api-failover.doppler.com,Successful,/root/Desktop/linkThrasher/Results/EyeWitness/doppler.com/screens/http.staging-api-failover.doppler.com..png,/root/Desktop/linkThrasher/Results/EyeWitness/doppler.com/source/http.staging-api-failover.doppler.com..txt