URL,80
http://techopshub.me.dev.aa.com/,X,
http://fleetfocus.aa.com/,X,
http://groups.payment.stage.aa.com/,X,
http://keystar.aa.com/,X,
http://tts.aa.com/,X,
http://asom.apps.aa.com/,X,
http://sales.uat.aa.com/,X,
http://airpass.test.aa.com/,X,
http://cdn.aa.com/,X,
http://fsa.aa.com/,X,
http://aspectmobile.aa.com/,X,
http://airportagent.test.aa.com/,X,
http://audit.aa.com/,X,
http://mercury-cert.aa.com/,X,
http://department.jetnet.aa.com/,X,
http://health.app.bags.aa.com/,X,
http://avl.aa.com/,X,
http://reaccom.aa.com/,X,
http://snap.test.aa.com/,X,
http://twitter-stage.snap.aa.com/,X,
http://crewcompensation.stage.aa.com/,X,
http://config.app.np.bags.aa.com/,X,
http://pilot-tts-test.aa.com/,X,
http://ocsp.aa.com/,X,
http://sam.qcorpaa.aa.com/,X,
http://faportal.aa.com/,X,
http://agentassist.aa.com/,X,
http://www.fly.stage.aa.com/,X,
http://remote.workspace.aa.com/,X,
http://entertainment.aa.com/,X,