Protocol,Port,Domain,Request Status,Screenshot Path, Source Path
http,80,techopshub.me.dev.aa.com,Successful,/root/Desktop/linkThrasher/Results/EyeWitness/aa.com/21/screens/http.techopshub.me.dev.aa.com..png,/root/Desktop/linkThrasher/Results/EyeWitness/aa.com/21/source/http.techopshub.me.dev.aa.com..txt
http,80,fleetfocus.aa.com,Successful,/root/Desktop/linkThrasher/Results/EyeWitness/aa.com/21/screens/http.fleetfocus.aa.com..png,/root/Desktop/linkThrasher/Results/EyeWitness/aa.com/21/source/http.fleetfocus.aa.com..txt
http,80,groups.payment.stage.aa.com,Successful,/root/Desktop/linkThrasher/Results/EyeWitness/aa.com/21/screens/http.groups.payment.stage.aa.com..png,/root/Desktop/linkThrasher/Results/EyeWitness/aa.com/21/source/http.groups.payment.stage.aa.com..txt
http,80,keystar.aa.com,Successful,/root/Desktop/linkThrasher/Results/EyeWitness/aa.com/21/screens/http.keystar.aa.com..png,/root/Desktop/linkThrasher/Results/EyeWitness/aa.com/21/source/http.keystar.aa.com..txt
http,80,tts.aa.com,Successful,/root/Desktop/linkThrasher/Results/EyeWitness/aa.com/21/screens/http.tts.aa.com..png,/root/Desktop/linkThrasher/Results/EyeWitness/aa.com/21/source/http.tts.aa.com..txt
http,80,asom.apps.aa.com,Successful,/root/Desktop/linkThrasher/Results/EyeWitness/aa.com/21/screens/http.faportal.aa.com..png,/root/Desktop/linkThrasher/Results/EyeWitness/aa.com/21/source/http.asom.apps.aa.com..txt
http,80,sales.uat.aa.com,Successful,/root/Desktop/linkThrasher/Results/EyeWitness/aa.com/21/screens/http.sales.uat.aa.com..png,/root/Desktop/linkThrasher/Results/EyeWitness/aa.com/21/source/http.sales.uat.aa.com..txt
http,80,airpass.test.aa.com,Successful,/root/Desktop/linkThrasher/Results/EyeWitness/aa.com/21/screens/http.airpass.test.aa.com..png,/root/Desktop/linkThrasher/Results/EyeWitness/aa.com/21/source/http.airpass.test.aa.com..txt
http,80,cdn.aa.com,Successful,/root/Desktop/linkThrasher/Results/EyeWitness/aa.com/21/screens/http.cdn.aa.com..png,/root/Desktop/linkThrasher/Results/EyeWitness/aa.com/21/source/http.cdn.aa.com..txt
http,80,fsa.aa.com,Successful,/root/Desktop/linkThrasher/Results/EyeWitness/aa.com/21/screens/http.fsa.aa.com..png,/root/Desktop/linkThrasher/Results/EyeWitness/aa.com/21/source/http.fsa.aa.com..txt
http,80,aspectmobile.aa.com,Successful,/root/Desktop/linkThrasher/Results/EyeWitness/aa.com/21/screens/http.aspectmobile.aa.com..png,/root/Desktop/linkThrasher/Results/EyeWitness/aa.com/21/source/http.aspectmobile.aa.com..txt
http,80,airportagent.test.aa.com,Successful,/root/Desktop/linkThrasher/Results/EyeWitness/aa.com/21/screens/http.airportagent.test.aa.com..png,/root/Desktop/linkThrasher/Results/EyeWitness/aa.com/21/source/http.airportagent.test.aa.com..txt
http,80,audit.aa.com,Successful,/root/Desktop/linkThrasher/Results/EyeWitness/aa.com/21/screens/http.audit.aa.com..png,/root/Desktop/linkThrasher/Results/EyeWitness/aa.com/21/source/http.audit.aa.com..txt
http,80,mercury-cert.aa.com,Successful,/root/Desktop/linkThrasher/Results/EyeWitness/aa.com/21/screens/http.faportal.aa.com..png,/root/Desktop/linkThrasher/Results/EyeWitness/aa.com/21/source/http.mercury-cert.aa.com..txt
http,80,department.jetnet.aa.com,Successful,/root/Desktop/linkThrasher/Results/EyeWitness/aa.com/21/screens/http.faportal.aa.com..png,/root/Desktop/linkThrasher/Results/EyeWitness/aa.com/21/source/http.department.jetnet.aa.com..txt
http,80,health.app.bags.aa.com,Successful,/root/Desktop/linkThrasher/Results/EyeWitness/aa.com/21/screens/http.health.app.bags.aa.com..png,/root/Desktop/linkThrasher/Results/EyeWitness/aa.com/21/source/http.health.app.bags.aa.com..txt
http,80,avl.aa.com,Successful,/root/Desktop/linkThrasher/Results/EyeWitness/aa.com/21/screens/http.avl.aa.com..png,/root/Desktop/linkThrasher/Results/EyeWitness/aa.com/21/source/http.avl.aa.com..txt
http,80,reaccom.aa.com,Successful,/root/Desktop/linkThrasher/Results/EyeWitness/aa.com/21/screens/http.faportal.aa.com..png,/root/Desktop/linkThrasher/Results/EyeWitness/aa.com/21/source/http.reaccom.aa.com..txt
http,80,snap.test.aa.com,Successful,/root/Desktop/linkThrasher/Results/EyeWitness/aa.com/21/screens/http.snap.test.aa.com..png,/root/Desktop/linkThrasher/Results/EyeWitness/aa.com/21/source/http.snap.test.aa.com..txt
http,80,twitter-stage.snap.aa.com,Successful,/root/Desktop/linkThrasher/Results/EyeWitness/aa.com/21/screens/http.twitter-stage.snap.aa.com..png,/root/Desktop/linkThrasher/Results/EyeWitness/aa.com/21/source/http.twitter-stage.snap.aa.com..txt
http,80,crewcompensation.stage.aa.com,Successful,/root/Desktop/linkThrasher/Results/EyeWitness/aa.com/21/screens/http.crewcompensation.stage.aa.com..png,/root/Desktop/linkThrasher/Results/EyeWitness/aa.com/21/source/http.crewcompensation.stage.aa.com..txt
http,80,config.app.np.bags.aa.com,Successful,/root/Desktop/linkThrasher/Results/EyeWitness/aa.com/21/screens/http.health.app.bags.aa.com..png,/root/Desktop/linkThrasher/Results/EyeWitness/aa.com/21/source/http.config.app.np.bags.aa.com..txt
http,80,pilot-tts-test.aa.com,Successful,/root/Desktop/linkThrasher/Results/EyeWitness/aa.com/21/screens/http.pilot-tts-test.aa.com..png,/root/Desktop/linkThrasher/Results/EyeWitness/aa.com/21/source/http.pilot-tts-test.aa.com..txt
http,80,ocsp.aa.com,Successful,/root/Desktop/linkThrasher/Results/EyeWitness/aa.com/21/screens/http.ocsp.aa.com..png,/root/Desktop/linkThrasher/Results/EyeWitness/aa.com/21/source/http.ocsp.aa.com..txt
http,80,sam.qcorpaa.aa.com,Successful,/root/Desktop/linkThrasher/Results/EyeWitness/aa.com/21/screens/http.crewcompensation.stage.aa.com..png,/root/Desktop/linkThrasher/Results/EyeWitness/aa.com/21/source/http.sam.qcorpaa.aa.com..txt
http,80,faportal.aa.com,Successful,/root/Desktop/linkThrasher/Results/EyeWitness/aa.com/21/screens/http.faportal.aa.com..png,/root/Desktop/linkThrasher/Results/EyeWitness/aa.com/21/source/http.faportal.aa.com..txt
http,80,agentassist.aa.com,Successful,/root/Desktop/linkThrasher/Results/EyeWitness/aa.com/21/screens/http.agentassist.aa.com..png,/root/Desktop/linkThrasher/Results/EyeWitness/aa.com/21/source/http.agentassist.aa.com..txt
http,80,www.fly.stage.aa.com,Successful,/root/Desktop/linkThrasher/Results/EyeWitness/aa.com/21/screens/http.www.fly.stage.aa.com..png,/root/Desktop/linkThrasher/Results/EyeWitness/aa.com/21/source/http.www.fly.stage.aa.com..txt
http,80,remote.workspace.aa.com,Successful,/root/Desktop/linkThrasher/Results/EyeWitness/aa.com/21/screens/http.crewcompensation.stage.aa.com..png,/root/Desktop/linkThrasher/Results/EyeWitness/aa.com/21/source/http.remote.workspace.aa.com..txt
http,80,entertainment.aa.com,Successful,/root/Desktop/linkThrasher/Results/EyeWitness/aa.com/21/screens/http.entertainment.aa.com..png,/root/Desktop/linkThrasher/Results/EyeWitness/aa.com/21/source/http.entertainment.aa.com..txt