URL,80
http://spteam.aa.com/,X,
http://cn.platform.aa.com/,X,
http://www.ndc.aa.com/,X,
http://epays3-stg.aa.com/,X,
http://m.business.aa.com/,X,
http://airportal.aa.com/,X,
http://get.azne.aa.com/,X,
http://datelection-auth-service.aa.com/,X,
http://nrta-beta.test.etp.aa.com/,X,
http://ltermapi-stage.aa.com/,X,
http://featureflags-api-np.aa.com/,X,
http://travelplanner-beta.test.etp.aa.com/,X,
http://myenrollment.aa.com/,X,
http://hmt.stage.aa.com/,X,
http://plano.cci.aa.com/,X,
http://aspectwfm.pdc.aa.com/,X,
http://sam-dr.stage.aa.com/,X,
http://bh.aa.com/,X,
http://groups.payment.stage.aa.com/,X,
http://hr.jetnet.aa.com/,X,
http://airpassnextgen.qa.aa.com/,X,
http://mobile.aa.com/,X,
http://www.retirees-stg.aa.com/,X,
http://airportal.stage.aa.com/,X,
http://cka85.aa.com/,X,
http://bagmatrix.dev.aa.com/,X,
http://cargoinfo.email.aa.com/,X,
http://adfs.aa.com/,X,
http://csubl-test.aa.com/,X,
http://airportagent.test.aa.com/,X,