Protocol,Port,Domain,Request Status,Screenshot Path, Source Path
http,80,www.diverseasia.reksadana-manulife.com,Successful,/root/Desktop/linkThrasher/Results/EyeWitness/reksadana-manulife.com/screens/http.www.diverseasia.reksadana-manulife.com..png,/root/Desktop/linkThrasher/Results/EyeWitness/reksadana-manulife.com/source/http.www.diverseasia.reksadana-manulife.com..txt
http,80,quiz.reksadana-manulife.com,Successful,/root/Desktop/linkThrasher/Results/EyeWitness/reksadana-manulife.com/screens/http.quiz.reksadana-manulife.com..png,/root/Desktop/linkThrasher/Results/EyeWitness/reksadana-manulife.com/source/http.quiz.reksadana-manulife.com..txt
http,80,www.reksadana-manulife.com,Timeout,/root/Desktop/linkThrasher/Results/EyeWitness/reksadana-manulife.com/screens/http.www.reksadana-manulife.com..png,/root/Desktop/linkThrasher/Results/EyeWitness/reksadana-manulife.com/source/http.www.reksadana-manulife.com..txt
http,80,incomesolutions.reksadana-manulife.com,Successful,/root/Desktop/linkThrasher/Results/EyeWitness/reksadana-manulife.com/screens/http.incomesolutions.reksadana-manulife.com..png,/root/Desktop/linkThrasher/Results/EyeWitness/reksadana-manulife.com/source/http.incomesolutions.reksadana-manulife.com..txt
http,80,diverseasia.reksadana-manulife.com,Timeout,/root/Desktop/linkThrasher/Results/EyeWitness/reksadana-manulife.com/screens/http.diverseasia.reksadana-manulife.com..png,/root/Desktop/linkThrasher/Results/EyeWitness/reksadana-manulife.com/source/http.diverseasia.reksadana-manulife.com..txt
http,80,reksadana-manulife.com,Timeout,/root/Desktop/linkThrasher/Results/EyeWitness/reksadana-manulife.com/screens/http.reksadana-manulife.com..png,/root/Desktop/linkThrasher/Results/EyeWitness/reksadana-manulife.com/source/http.reksadana-manulife.com..txt
http,80,www.incomesolutions.reksadana-manulife.com,Successful,/root/Desktop/linkThrasher/Results/EyeWitness/reksadana-manulife.com/screens/http.www.diverseasia.reksadana-manulife.com..png,/root/Desktop/linkThrasher/Results/EyeWitness/reksadana-manulife.com/source/http.www.incomesolutions.reksadana-manulife.com..txt
http,80,mamiversary.reksadana-manulife.com,Successful,/root/Desktop/linkThrasher/Results/EyeWitness/reksadana-manulife.com/screens/http.mamiversary.reksadana-manulife.com..png,/root/Desktop/linkThrasher/Results/EyeWitness/reksadana-manulife.com/source/http.mamiversary.reksadana-manulife.com..txt
http,80,mynumber.reksadana-manulife.com,Timeout,/root/Desktop/linkThrasher/Results/EyeWitness/reksadana-manulife.com/screens/http.mynumber.reksadana-manulife.com..png,/root/Desktop/linkThrasher/Results/EyeWitness/reksadana-manulife.com/source/http.mynumber.reksadana-manulife.com..txt