URL,80
http://dev-grafana-data.moonpay.com/,X,
http://web3.moonpay.com/,X,
http://page.moonpay.com/,X,
http://mobilecoin-mainnet.moonpay.com/,X,
http://staging-wallet-api.moonpay.com/,X,
http://nft.moonpay.com/,X,
http://iiipoints.moonpay.com/,X,
http://request-headers.moonpay.com/,X,
http://clicks.moonpay.com/,X,
http://scim.moonpay.com/,X,
http://buy-sandbox.moonpay.com/,X,
http://moonpay-maintenance-page.moonpay.com/,X,
http://wallet-api.moonpay.com/,X,
http://buy-test.moonpay.com/,X,
http://mobilecoin-testnet-mirror.moonpay.com/,X,
http://bayc.moonpay.com/,X,
http://mobilecoin-mainnet-mirror.moonpay.com/,X,
http://sell-staging.moonpay.com/,X,
http://support.moonpay.com/,X,
http://static.moonpay.com/,X,
http://www.moonpay.com/,X,
http://buy-staging.moonpay.com/,X,
http://landpoc.moonpay.com/,X,
http://qr.moonpay.com/,X,
http://crypto-api.moonpay.com/,X,
http://status.moonpay.com/,X,
http://mobilecoin-testnet.moonpay.com/,X,
http://dashboard.moonpay.com/,X,
http://api.moonpay.com/,X,
http://loki.moonpay.com/,X,
http://error.moonpay.com/,X,
http://prod-grafana-data.moonpay.com/,X,
http://auth.moonpay.com/,X,
http://private-api.moonpay.com/,X,
http://handsonweb3.moonpay.com/,X,
http://account.moonpay.com/,X,
http://sell-test.moonpay.com/,X,
http://sell-sandbox.moonpay.com/,X,
http://buy.moonpay.com/,X,
http://fp.moonpay.com/,X,
http://ar-go.moonpay.com/,X,
http://concierge.moonpay.com/,X,
http://grafana.moonpay.com/,X,
http://mp-iframe.moonpay.com/,X,
http://sell.moonpay.com/,X,