Protocol,Port,Domain,Request Status,Screenshot Path, Source Path
http,80,dev-grafana-data.moonpay.com,Successful,/root/Desktop/linkThrasher/Results/EyeWitness/moonpay.com/screens/http.dev-grafana-data.moonpay.com..png,/root/Desktop/linkThrasher/Results/EyeWitness/moonpay.com/source/http.dev-grafana-data.moonpay.com..txt
http,80,web3.moonpay.com,Successful,/root/Desktop/linkThrasher/Results/EyeWitness/moonpay.com/screens/http.web3.moonpay.com..png,/root/Desktop/linkThrasher/Results/EyeWitness/moonpay.com/source/http.web3.moonpay.com..txt
http,80,page.moonpay.com,Successful,/root/Desktop/linkThrasher/Results/EyeWitness/moonpay.com/screens/http.page.moonpay.com..png,/root/Desktop/linkThrasher/Results/EyeWitness/moonpay.com/source/http.page.moonpay.com..txt
http,80,mobilecoin-mainnet.moonpay.com,Successful,/root/Desktop/linkThrasher/Results/EyeWitness/moonpay.com/screens/http.mobilecoin-mainnet.moonpay.com..png,/root/Desktop/linkThrasher/Results/EyeWitness/moonpay.com/source/http.mobilecoin-mainnet.moonpay.com..txt
http,80,staging-wallet-api.moonpay.com,Successful,/root/Desktop/linkThrasher/Results/EyeWitness/moonpay.com/screens/http.staging-wallet-api.moonpay.com..png,/root/Desktop/linkThrasher/Results/EyeWitness/moonpay.com/source/http.staging-wallet-api.moonpay.com..txt
http,80,nft.moonpay.com,Timeout,/root/Desktop/linkThrasher/Results/EyeWitness/moonpay.com/screens/http.nft.moonpay.com..png,/root/Desktop/linkThrasher/Results/EyeWitness/moonpay.com/source/http.nft.moonpay.com..txt
http,80,iiipoints.moonpay.com,Successful,/root/Desktop/linkThrasher/Results/EyeWitness/moonpay.com/screens/http.iiipoints.moonpay.com..png,/root/Desktop/linkThrasher/Results/EyeWitness/moonpay.com/source/http.iiipoints.moonpay.com..txt
http,80,request-headers.moonpay.com,Successful,/root/Desktop/linkThrasher/Results/EyeWitness/moonpay.com/screens/http.request-headers.moonpay.com..png,/root/Desktop/linkThrasher/Results/EyeWitness/moonpay.com/source/http.request-headers.moonpay.com..txt
http,80,clicks.moonpay.com,Successful,/root/Desktop/linkThrasher/Results/EyeWitness/moonpay.com/screens/http.clicks.moonpay.com..png,/root/Desktop/linkThrasher/Results/EyeWitness/moonpay.com/source/http.clicks.moonpay.com..txt
http,80,scim.moonpay.com,Successful,/root/Desktop/linkThrasher/Results/EyeWitness/moonpay.com/screens/http.scim.moonpay.com..png,/root/Desktop/linkThrasher/Results/EyeWitness/moonpay.com/source/http.scim.moonpay.com..txt
http,80,buy-sandbox.moonpay.com,Timeout,/root/Desktop/linkThrasher/Results/EyeWitness/moonpay.com/screens/http.buy-sandbox.moonpay.com..png,/root/Desktop/linkThrasher/Results/EyeWitness/moonpay.com/source/http.buy-sandbox.moonpay.com..txt
http,80,moonpay-maintenance-page.moonpay.com,Successful,/root/Desktop/linkThrasher/Results/EyeWitness/moonpay.com/screens/http.moonpay-maintenance-page.moonpay.com..png,/root/Desktop/linkThrasher/Results/EyeWitness/moonpay.com/source/http.moonpay-maintenance-page.moonpay.com..txt
http,80,wallet-api.moonpay.com,Successful,/root/Desktop/linkThrasher/Results/EyeWitness/moonpay.com/screens/http.wallet-api.moonpay.com..png,/root/Desktop/linkThrasher/Results/EyeWitness/moonpay.com/source/http.wallet-api.moonpay.com..txt
http,80,buy-test.moonpay.com,Successful,/root/Desktop/linkThrasher/Results/EyeWitness/moonpay.com/screens/http.buy-test.moonpay.com..png,/root/Desktop/linkThrasher/Results/EyeWitness/moonpay.com/source/http.buy-test.moonpay.com..txt
http,80,mobilecoin-testnet-mirror.moonpay.com,Successful,/root/Desktop/linkThrasher/Results/EyeWitness/moonpay.com/screens/http.mobilecoin-testnet-mirror.moonpay.com..png,/root/Desktop/linkThrasher/Results/EyeWitness/moonpay.com/source/http.mobilecoin-testnet-mirror.moonpay.com..txt
http,80,bayc.moonpay.com,Timeout,/root/Desktop/linkThrasher/Results/EyeWitness/moonpay.com/screens/http.bayc.moonpay.com..png,/root/Desktop/linkThrasher/Results/EyeWitness/moonpay.com/source/http.bayc.moonpay.com..txt
http,80,mobilecoin-mainnet-mirror.moonpay.com,Timeout,/root/Desktop/linkThrasher/Results/EyeWitness/moonpay.com/screens/http.mobilecoin-mainnet-mirror.moonpay.com..png,/root/Desktop/linkThrasher/Results/EyeWitness/moonpay.com/source/http.mobilecoin-mainnet-mirror.moonpay.com..txt
http,80,sell-staging.moonpay.com,Timeout,/root/Desktop/linkThrasher/Results/EyeWitness/moonpay.com/screens/http.sell-staging.moonpay.com..png,/root/Desktop/linkThrasher/Results/EyeWitness/moonpay.com/source/http.sell-staging.moonpay.com..txt
http,80,support.moonpay.com,Timeout,/root/Desktop/linkThrasher/Results/EyeWitness/moonpay.com/screens/http.support.moonpay.com..png,/root/Desktop/linkThrasher/Results/EyeWitness/moonpay.com/source/http.support.moonpay.com..txt
http,80,static.moonpay.com,Successful,/root/Desktop/linkThrasher/Results/EyeWitness/moonpay.com/screens/http.static.moonpay.com..png,/root/Desktop/linkThrasher/Results/EyeWitness/moonpay.com/source/http.static.moonpay.com..txt
http,80,www.moonpay.com,Timeout,/root/Desktop/linkThrasher/Results/EyeWitness/moonpay.com/screens/http.www.moonpay.com..png,/root/Desktop/linkThrasher/Results/EyeWitness/moonpay.com/source/http.www.moonpay.com..txt
http,80,buy-staging.moonpay.com,Timeout,/root/Desktop/linkThrasher/Results/EyeWitness/moonpay.com/screens/http.buy-staging.moonpay.com..png,/root/Desktop/linkThrasher/Results/EyeWitness/moonpay.com/source/http.buy-staging.moonpay.com..txt
http,80,landpoc.moonpay.com,Successful,/root/Desktop/linkThrasher/Results/EyeWitness/moonpay.com/screens/http.landpoc.moonpay.com..png,/root/Desktop/linkThrasher/Results/EyeWitness/moonpay.com/source/http.landpoc.moonpay.com..txt
http,80,qr.moonpay.com,Timeout,/root/Desktop/linkThrasher/Results/EyeWitness/moonpay.com/screens/http.qr.moonpay.com..png,/root/Desktop/linkThrasher/Results/EyeWitness/moonpay.com/source/http.qr.moonpay.com..txt
http,80,crypto-api.moonpay.com,Successful,/root/Desktop/linkThrasher/Results/EyeWitness/moonpay.com/screens/http.wallet-api.moonpay.com..png,/root/Desktop/linkThrasher/Results/EyeWitness/moonpay.com/source/http.crypto-api.moonpay.com..txt
http,80,status.moonpay.com,Timeout,/root/Desktop/linkThrasher/Results/EyeWitness/moonpay.com/screens/http.status.moonpay.com..png,/root/Desktop/linkThrasher/Results/EyeWitness/moonpay.com/source/http.status.moonpay.com..txt
http,80,mobilecoin-testnet.moonpay.com,Timeout,/root/Desktop/linkThrasher/Results/EyeWitness/moonpay.com/screens/http.mobilecoin-testnet.moonpay.com..png,/root/Desktop/linkThrasher/Results/EyeWitness/moonpay.com/source/http.mobilecoin-testnet.moonpay.com..txt
http,80,dashboard.moonpay.com,Timeout,/root/Desktop/linkThrasher/Results/EyeWitness/moonpay.com/screens/http.dashboard.moonpay.com..png,/root/Desktop/linkThrasher/Results/EyeWitness/moonpay.com/source/http.dashboard.moonpay.com..txt
http,80,api.moonpay.com,Successful,/root/Desktop/linkThrasher/Results/EyeWitness/moonpay.com/screens/http.api.moonpay.com..png,/root/Desktop/linkThrasher/Results/EyeWitness/moonpay.com/source/http.api.moonpay.com..txt
http,80,loki.moonpay.com,Successful,/root/Desktop/linkThrasher/Results/EyeWitness/moonpay.com/screens/http.ar-go.moonpay.com..png,/root/Desktop/linkThrasher/Results/EyeWitness/moonpay.com/source/http.loki.moonpay.com..txt
http,80,error.moonpay.com,Successful,/root/Desktop/linkThrasher/Results/EyeWitness/moonpay.com/screens/http.error.moonpay.com..png,/root/Desktop/linkThrasher/Results/EyeWitness/moonpay.com/source/http.error.moonpay.com..txt
http,80,prod-grafana-data.moonpay.com,Timeout,/root/Desktop/linkThrasher/Results/EyeWitness/moonpay.com/screens/http.prod-grafana-data.moonpay.com..png,/root/Desktop/linkThrasher/Results/EyeWitness/moonpay.com/source/http.prod-grafana-data.moonpay.com..txt
http,80,auth.moonpay.com,Timeout,/root/Desktop/linkThrasher/Results/EyeWitness/moonpay.com/screens/http.auth.moonpay.com..png,/root/Desktop/linkThrasher/Results/EyeWitness/moonpay.com/source/http.auth.moonpay.com..txt
http,80,private-api.moonpay.com,Successful,/root/Desktop/linkThrasher/Results/EyeWitness/moonpay.com/screens/http.private-api.moonpay.com..png,/root/Desktop/linkThrasher/Results/EyeWitness/moonpay.com/source/http.private-api.moonpay.com..txt
http,80,handsonweb3.moonpay.com,Successful,/root/Desktop/linkThrasher/Results/EyeWitness/moonpay.com/screens/http.handsonweb3.moonpay.com..png,/root/Desktop/linkThrasher/Results/EyeWitness/moonpay.com/source/http.handsonweb3.moonpay.com..txt
http,80,account.moonpay.com,Timeout,/root/Desktop/linkThrasher/Results/EyeWitness/moonpay.com/screens/http.account.moonpay.com..png,/root/Desktop/linkThrasher/Results/EyeWitness/moonpay.com/source/http.account.moonpay.com..txt
http,80,sell-test.moonpay.com,Successful,/root/Desktop/linkThrasher/Results/EyeWitness/moonpay.com/screens/http.buy-test.moonpay.com..png,/root/Desktop/linkThrasher/Results/EyeWitness/moonpay.com/source/http.sell-test.moonpay.com..txt
http,80,sell-sandbox.moonpay.com,Timeout,/root/Desktop/linkThrasher/Results/EyeWitness/moonpay.com/screens/http.sell-sandbox.moonpay.com..png,/root/Desktop/linkThrasher/Results/EyeWitness/moonpay.com/source/http.sell-sandbox.moonpay.com..txt
http,80,buy.moonpay.com,Timeout,/root/Desktop/linkThrasher/Results/EyeWitness/moonpay.com/screens/http.buy.moonpay.com..png,/root/Desktop/linkThrasher/Results/EyeWitness/moonpay.com/source/http.buy.moonpay.com..txt
http,80,fp.moonpay.com,Successful,/root/Desktop/linkThrasher/Results/EyeWitness/moonpay.com/screens/http.fp.moonpay.com..png,/root/Desktop/linkThrasher/Results/EyeWitness/moonpay.com/source/http.fp.moonpay.com..txt
http,80,ar-go.moonpay.com,Successful,/root/Desktop/linkThrasher/Results/EyeWitness/moonpay.com/screens/http.ar-go.moonpay.com..png,/root/Desktop/linkThrasher/Results/EyeWitness/moonpay.com/source/http.ar-go.moonpay.com..txt
http,80,concierge.moonpay.com,Timeout,/root/Desktop/linkThrasher/Results/EyeWitness/moonpay.com/screens/http.concierge.moonpay.com..png,/root/Desktop/linkThrasher/Results/EyeWitness/moonpay.com/source/http.concierge.moonpay.com..txt
http,80,grafana.moonpay.com,Successful,/root/Desktop/linkThrasher/Results/EyeWitness/moonpay.com/screens/http.ar-go.moonpay.com..png,/root/Desktop/linkThrasher/Results/EyeWitness/moonpay.com/source/http.grafana.moonpay.com..txt
http,80,mp-iframe.moonpay.com,Successful,/root/Desktop/linkThrasher/Results/EyeWitness/moonpay.com/screens/http.mp-iframe.moonpay.com..png,/root/Desktop/linkThrasher/Results/EyeWitness/moonpay.com/source/http.mp-iframe.moonpay.com..txt
http,80,sell.moonpay.com,Timeout,/root/Desktop/linkThrasher/Results/EyeWitness/moonpay.com/screens/http.sell.moonpay.com..png,/root/Desktop/linkThrasher/Results/EyeWitness/moonpay.com/source/http.sell.moonpay.com..txt