Protocol,Port,Domain,Request Status,Screenshot Path, Source Path
http,80,dl.instashop.com,Successful,/root/Desktop/linkThrasher/Results/EyeWitness/instashop.com/screens/http.dl.instashop.com..png,/root/Desktop/linkThrasher/Results/EyeWitness/instashop.com/source/http.dl.instashop.com..txt
http,80,survey.instashop.com,Successful,/root/Desktop/linkThrasher/Results/EyeWitness/instashop.com/screens/http.survey.instashop.com..png,/root/Desktop/linkThrasher/Results/EyeWitness/instashop.com/source/http.survey.instashop.com..txt
http,80,dev.instashop.com,Successful,/root/Desktop/linkThrasher/Results/EyeWitness/instashop.com/screens/http.dev.instashop.com..png,/root/Desktop/linkThrasher/Results/EyeWitness/instashop.com/source/http.dev.instashop.com..txt
http,80,grow-dev.instashop.com,Successful,/root/Desktop/linkThrasher/Results/EyeWitness/instashop.com/screens/http.grow-dev.instashop.com..png,/root/Desktop/linkThrasher/Results/EyeWitness/instashop.com/source/http.grow-dev.instashop.com..txt
http,80,myhr.instashop.com,Successful,/root/Desktop/linkThrasher/Results/EyeWitness/instashop.com/screens/http.myhr.instashop.com..png,/root/Desktop/linkThrasher/Results/EyeWitness/instashop.com/source/http.myhr.instashop.com..txt
http,80,ablink.em.instashop.com,Successful,/root/Desktop/linkThrasher/Results/EyeWitness/instashop.com/screens/http.ablink.em.instashop.com..png,/root/Desktop/linkThrasher/Results/EyeWitness/instashop.com/source/http.ablink.em.instashop.com..txt
http,80,www.instashop.com,Timeout,/root/Desktop/linkThrasher/Results/EyeWitness/instashop.com/screens/http.www.instashop.com..png,/root/Desktop/linkThrasher/Results/EyeWitness/instashop.com/source/http.www.instashop.com..txt
http,80,shop.instashop.com,Timeout,/root/Desktop/linkThrasher/Results/EyeWitness/instashop.com/screens/http.shop.instashop.com..png,/root/Desktop/linkThrasher/Results/EyeWitness/instashop.com/source/http.shop.instashop.com..txt
http,80,myhr-dev.instashop.com,Timeout,/root/Desktop/linkThrasher/Results/EyeWitness/instashop.com/screens/http.myhr-dev.instashop.com..png,/root/Desktop/linkThrasher/Results/EyeWitness/instashop.com/source/http.myhr-dev.instashop.com..txt
http,80,grow.instashop.com,Successful,/root/Desktop/linkThrasher/Results/EyeWitness/instashop.com/screens/http.grow.instashop.com..png,/root/Desktop/linkThrasher/Results/EyeWitness/instashop.com/source/http.grow.instashop.com..txt