URL,80
http://testnet.rarible.com/,X,
http://orders.rarible.com/,X,
http://dev-wlbl.rarible.com/,X,
http://staging-messenger.rarible.com/,X,
http://beta.rarible.com/,X,
http://dev-messenger.rarible.com/,X,
http://dev.rarible.com/,X,
http://dev-data.rarible.com/,X,
http://testnet-wlbl.rarible.com/,X,
http://messenger.rarible.com/,X,
http://dev-logging.rarible.com/,X,
http://new-images.rarible.com/,X,
http://static.rarible.com/,X,
http://staging-ethereum-node.rarible.com/,X,
http://node-mainnet-polygon.rarible.com/,X,
http://forum.ext.rarible.com/,X,
http://dev-rewards-api.rarible.com/,X,
http://testnet-rewards-api.rarible.com/,X,
http://pinata.rarible.com/,X,
http://hotfix.rarible.com/,X,
http://testnet-wlbl-proxy1.ext.rarible.com/,X,
http://discord.rarible.com/,X,
http://app.rarible.com/,X,
http://admin.rarible.com/,X,
http://temp.rarible.com/,X,
http://logging.rarible.com/,X,
http://staging-data.rarible.com/,X,
http://landing-beta.rarible.com/,X,
http://rarible.com/,X,
http://api-mainnet.rarible.com/,X,
http://staging.rarible.com/,X,
http://wlbl-proxy1.ext.rarible.com/,X,
http://mobile-beta.rarible.com/,X,
http://url8842.rarible.com/,X,
http://links.rarible.com/,X,
http://staging-polygon-node.rarible.com/,X,
http://biconomy.rarible.com/,X,
http://node-cryptoart.rarible.com/,X,
http://rewards-api.rarible.com/,X,