Protocol,Port,Domain,Request Status,Screenshot Path, Source Path
http,80,testnet.rarible.com,Successful,/root/Desktop/linkThrasher/Results/EyeWitness/rarible.com/screens/http.testnet.rarible.com..png,/root/Desktop/linkThrasher/Results/EyeWitness/rarible.com/source/http.testnet.rarible.com..txt
http,80,orders.rarible.com,Successful,/root/Desktop/linkThrasher/Results/EyeWitness/rarible.com/screens/http.orders.rarible.com..png,/root/Desktop/linkThrasher/Results/EyeWitness/rarible.com/source/http.orders.rarible.com..txt
http,80,dev-wlbl.rarible.com,Successful,/root/Desktop/linkThrasher/Results/EyeWitness/rarible.com/screens/http.dev-wlbl.rarible.com..png,/root/Desktop/linkThrasher/Results/EyeWitness/rarible.com/source/http.dev-wlbl.rarible.com..txt
http,80,staging-messenger.rarible.com,Successful,/root/Desktop/linkThrasher/Results/EyeWitness/rarible.com/screens/http.staging-messenger.rarible.com..png,/root/Desktop/linkThrasher/Results/EyeWitness/rarible.com/source/http.staging-messenger.rarible.com..txt
http,80,beta.rarible.com,Successful,/root/Desktop/linkThrasher/Results/EyeWitness/rarible.com/screens/http.beta.rarible.com..png,/root/Desktop/linkThrasher/Results/EyeWitness/rarible.com/source/http.beta.rarible.com..txt
http,80,dev-messenger.rarible.com,Successful,/root/Desktop/linkThrasher/Results/EyeWitness/rarible.com/screens/http.dev-messenger.rarible.com..png,/root/Desktop/linkThrasher/Results/EyeWitness/rarible.com/source/http.dev-messenger.rarible.com..txt
http,80,dev.rarible.com,Successful,/root/Desktop/linkThrasher/Results/EyeWitness/rarible.com/screens/http.dev.rarible.com..png,/root/Desktop/linkThrasher/Results/EyeWitness/rarible.com/source/http.dev.rarible.com..txt
http,80,dev-data.rarible.com,Successful,/root/Desktop/linkThrasher/Results/EyeWitness/rarible.com/screens/http.staging-data.rarible.com..png,/root/Desktop/linkThrasher/Results/EyeWitness/rarible.com/source/http.dev-data.rarible.com..txt
http,80,testnet-wlbl.rarible.com,Successful,/root/Desktop/linkThrasher/Results/EyeWitness/rarible.com/screens/http.testnet-wlbl.rarible.com..png,/root/Desktop/linkThrasher/Results/EyeWitness/rarible.com/source/http.testnet-wlbl.rarible.com..txt
http,80,messenger.rarible.com,Successful,/root/Desktop/linkThrasher/Results/EyeWitness/rarible.com/screens/http.messenger.rarible.com..png,/root/Desktop/linkThrasher/Results/EyeWitness/rarible.com/source/http.messenger.rarible.com..txt
http,80,dev-logging.rarible.com,Successful,/root/Desktop/linkThrasher/Results/EyeWitness/rarible.com/screens/http.logging.rarible.com..png,/root/Desktop/linkThrasher/Results/EyeWitness/rarible.com/source/http.dev-logging.rarible.com..txt
http,80,new-images.rarible.com,Successful,/root/Desktop/linkThrasher/Results/EyeWitness/rarible.com/screens/http.new-images.rarible.com..png,/root/Desktop/linkThrasher/Results/EyeWitness/rarible.com/source/http.new-images.rarible.com..txt
http,80,static.rarible.com,Successful,/root/Desktop/linkThrasher/Results/EyeWitness/rarible.com/screens/http.biconomy.rarible.com..png,/root/Desktop/linkThrasher/Results/EyeWitness/rarible.com/source/http.static.rarible.com..txt
http,80,staging-ethereum-node.rarible.com,Successful,/root/Desktop/linkThrasher/Results/EyeWitness/rarible.com/screens/http.staging-ethereum-node.rarible.com..png,/root/Desktop/linkThrasher/Results/EyeWitness/rarible.com/source/http.staging-ethereum-node.rarible.com..txt
http,80,node-mainnet-polygon.rarible.com,Successful,/root/Desktop/linkThrasher/Results/EyeWitness/rarible.com/screens/http.staging-ethereum-node.rarible.com..png,/root/Desktop/linkThrasher/Results/EyeWitness/rarible.com/source/http.node-mainnet-polygon.rarible.com..txt
http,80,forum.ext.rarible.com,Successful,/root/Desktop/linkThrasher/Results/EyeWitness/rarible.com/screens/http.forum.ext.rarible.com..png,/root/Desktop/linkThrasher/Results/EyeWitness/rarible.com/source/http.forum.ext.rarible.com..txt
http,80,dev-rewards-api.rarible.com,Successful,/root/Desktop/linkThrasher/Results/EyeWitness/rarible.com/screens/http.testnet-rewards-api.rarible.com..png,/root/Desktop/linkThrasher/Results/EyeWitness/rarible.com/source/http.dev-rewards-api.rarible.com..txt
http,80,testnet-rewards-api.rarible.com,Successful,/root/Desktop/linkThrasher/Results/EyeWitness/rarible.com/screens/http.testnet-rewards-api.rarible.com..png,/root/Desktop/linkThrasher/Results/EyeWitness/rarible.com/source/http.testnet-rewards-api.rarible.com..txt
http,80,pinata.rarible.com,Successful,/root/Desktop/linkThrasher/Results/EyeWitness/rarible.com/screens/http.staging-data.rarible.com..png,/root/Desktop/linkThrasher/Results/EyeWitness/rarible.com/source/http.pinata.rarible.com..txt
http,80,hotfix.rarible.com,Successful,/root/Desktop/linkThrasher/Results/EyeWitness/rarible.com/screens/http.hotfix.rarible.com..png,/root/Desktop/linkThrasher/Results/EyeWitness/rarible.com/source/http.hotfix.rarible.com..txt
http,80,testnet-wlbl-proxy1.ext.rarible.com,Successful,/root/Desktop/linkThrasher/Results/EyeWitness/rarible.com/screens/http.testnet-wlbl-proxy1.ext.rarible.com..png,/root/Desktop/linkThrasher/Results/EyeWitness/rarible.com/source/http.testnet-wlbl-proxy1.ext.rarible.com..txt
http,80,discord.rarible.com,Successful,/root/Desktop/linkThrasher/Results/EyeWitness/rarible.com/screens/http.discord.rarible.com..png,/root/Desktop/linkThrasher/Results/EyeWitness/rarible.com/source/http.discord.rarible.com..txt
http,80,app.rarible.com,Successful,/root/Desktop/linkThrasher/Results/EyeWitness/rarible.com/screens/http.app.rarible.com..png,/root/Desktop/linkThrasher/Results/EyeWitness/rarible.com/source/http.app.rarible.com..txt
http,80,admin.rarible.com,Successful,/root/Desktop/linkThrasher/Results/EyeWitness/rarible.com/screens/http.staging-ethereum-node.rarible.com..png,/root/Desktop/linkThrasher/Results/EyeWitness/rarible.com/source/http.admin.rarible.com..txt
http,80,temp.rarible.com,Successful,/root/Desktop/linkThrasher/Results/EyeWitness/rarible.com/screens/http.biconomy.rarible.com..png,/root/Desktop/linkThrasher/Results/EyeWitness/rarible.com/source/http.temp.rarible.com..txt
http,80,logging.rarible.com,Successful,/root/Desktop/linkThrasher/Results/EyeWitness/rarible.com/screens/http.logging.rarible.com..png,/root/Desktop/linkThrasher/Results/EyeWitness/rarible.com/source/http.logging.rarible.com..txt
http,80,staging-data.rarible.com,Successful,/root/Desktop/linkThrasher/Results/EyeWitness/rarible.com/screens/http.staging-data.rarible.com..png,/root/Desktop/linkThrasher/Results/EyeWitness/rarible.com/source/http.staging-data.rarible.com..txt
http,80,landing-beta.rarible.com,Successful,/root/Desktop/linkThrasher/Results/EyeWitness/rarible.com/screens/http.landing-beta.rarible.com..png,/root/Desktop/linkThrasher/Results/EyeWitness/rarible.com/source/http.landing-beta.rarible.com..txt
http,80,rarible.com,Successful,/root/Desktop/linkThrasher/Results/EyeWitness/rarible.com/screens/http.rarible.com..png,/root/Desktop/linkThrasher/Results/EyeWitness/rarible.com/source/http.rarible.com..txt
http,80,api-mainnet.rarible.com,Successful,/root/Desktop/linkThrasher/Results/EyeWitness/rarible.com/screens/http.api-mainnet.rarible.com..png,/root/Desktop/linkThrasher/Results/EyeWitness/rarible.com/source/http.api-mainnet.rarible.com..txt
http,80,staging.rarible.com,Successful,/root/Desktop/linkThrasher/Results/EyeWitness/rarible.com/screens/http.staging.rarible.com..png,/root/Desktop/linkThrasher/Results/EyeWitness/rarible.com/source/http.staging.rarible.com..txt
http,80,wlbl-proxy1.ext.rarible.com,Successful,/root/Desktop/linkThrasher/Results/EyeWitness/rarible.com/screens/http.wlbl-proxy1.ext.rarible.com..png,/root/Desktop/linkThrasher/Results/EyeWitness/rarible.com/source/http.wlbl-proxy1.ext.rarible.com..txt
http,80,mobile-beta.rarible.com,Successful,/root/Desktop/linkThrasher/Results/EyeWitness/rarible.com/screens/http.mobile-beta.rarible.com..png,/root/Desktop/linkThrasher/Results/EyeWitness/rarible.com/source/http.mobile-beta.rarible.com..txt
http,80,url8842.rarible.com,Successful,/root/Desktop/linkThrasher/Results/EyeWitness/rarible.com/screens/http.url8842.rarible.com..png,/root/Desktop/linkThrasher/Results/EyeWitness/rarible.com/source/http.url8842.rarible.com..txt
http,80,links.rarible.com,Successful,/root/Desktop/linkThrasher/Results/EyeWitness/rarible.com/screens/http.links.rarible.com..png,/root/Desktop/linkThrasher/Results/EyeWitness/rarible.com/source/http.links.rarible.com..txt
http,80,staging-polygon-node.rarible.com,Successful,/root/Desktop/linkThrasher/Results/EyeWitness/rarible.com/screens/http.staging-ethereum-node.rarible.com..png,/root/Desktop/linkThrasher/Results/EyeWitness/rarible.com/source/http.staging-polygon-node.rarible.com..txt
http,80,biconomy.rarible.com,Successful,/root/Desktop/linkThrasher/Results/EyeWitness/rarible.com/screens/http.biconomy.rarible.com..png,/root/Desktop/linkThrasher/Results/EyeWitness/rarible.com/source/http.biconomy.rarible.com..txt
http,80,node-cryptoart.rarible.com,Successful,/root/Desktop/linkThrasher/Results/EyeWitness/rarible.com/screens/http.node-cryptoart.rarible.com..png,/root/Desktop/linkThrasher/Results/EyeWitness/rarible.com/source/http.node-cryptoart.rarible.com..txt
http,80,rewards-api.rarible.com,Successful,/root/Desktop/linkThrasher/Results/EyeWitness/rarible.com/screens/http.testnet-rewards-api.rarible.com..png,/root/Desktop/linkThrasher/Results/EyeWitness/rarible.com/source/http.rewards-api.rarible.com..txt