URL,80
http://css-test.aa.com/,X,
http://tac.stage.aa.com/,X,
http://epays3-dev-api-alt3.aa.com/,X,
http://fsa-test.aa.com/,X,
http://iqa.qa.aa.com/,X,
http://test.snap.aa.com/,X,
http://aart.aa.com/,X,
http://rmshareportal-tst.qcorpaa.aa.com/,X,
http://stage.aa.com/,X,
http://owrcm-dr.aa.com/,X,
http://smlogin.stage.aa.com/,X,
http://spe.aa.com/,X,
http://cci.aa.com/,X,
http://aspectwfm.aa.com/,X,
http://api.np.bags.aa.com/,X,
http://newatd.test.qcorpaa.aa.com/,X,
http://partsrequests-techops.apps.aa.com/,X,
http://travelplanner-beta.test.etp.aa.com/,X,
http://api.fly.aa.com/,X,
http://aaflightservice.aa.com/,X,
http://ux.aa.com/,X,
http://epays3-dev-alt3.aa.com/,X,
http://svcarddetails.stage.aa.com/,X,
http://favms.aa.com/,X,
http://nrs.ae.aa.com/,X,
http://travelplanner-beta.stage.etp.aa.com/,X,
http://flightweb-api.aa.com/,X,
http://globalstage.aa.com/,X,
http://smlogin.qtcorpaa.aa.com/,X,
http://aads1.aa.com/,X,