Protocol,Port,Domain,Request Status,Screenshot Path, Source Path
http,80,css-test.aa.com,Successful,/root/Desktop/linkThrasher/Results/EyeWitness/aa.com/24/screens/http.css-test.aa.com..png,/root/Desktop/linkThrasher/Results/EyeWitness/aa.com/24/source/http.css-test.aa.com..txt
http,80,tac.stage.aa.com,Successful,/root/Desktop/linkThrasher/Results/EyeWitness/aa.com/24/screens/http.tac.stage.aa.com..png,/root/Desktop/linkThrasher/Results/EyeWitness/aa.com/24/source/http.tac.stage.aa.com..txt
http,80,epays3-dev-api-alt3.aa.com,Successful,/root/Desktop/linkThrasher/Results/EyeWitness/aa.com/24/screens/http.epays3-dev-api-alt3.aa.com..png,/root/Desktop/linkThrasher/Results/EyeWitness/aa.com/24/source/http.epays3-dev-api-alt3.aa.com..txt
http,80,fsa-test.aa.com,Successful,/root/Desktop/linkThrasher/Results/EyeWitness/aa.com/24/screens/http.fsa-test.aa.com..png,/root/Desktop/linkThrasher/Results/EyeWitness/aa.com/24/source/http.fsa-test.aa.com..txt
http,80,iqa.qa.aa.com,Successful,/root/Desktop/linkThrasher/Results/EyeWitness/aa.com/24/screens/http.iqa.qa.aa.com..png,/root/Desktop/linkThrasher/Results/EyeWitness/aa.com/24/source/http.iqa.qa.aa.com..txt
http,80,test.snap.aa.com,Successful,/root/Desktop/linkThrasher/Results/EyeWitness/aa.com/24/screens/http.test.snap.aa.com..png,/root/Desktop/linkThrasher/Results/EyeWitness/aa.com/24/source/http.test.snap.aa.com..txt
http,80,aart.aa.com,Successful,/root/Desktop/linkThrasher/Results/EyeWitness/aa.com/24/screens/http.aart.aa.com..png,/root/Desktop/linkThrasher/Results/EyeWitness/aa.com/24/source/http.aart.aa.com..txt
http,80,rmshareportal-tst.qcorpaa.aa.com,Successful,/root/Desktop/linkThrasher/Results/EyeWitness/aa.com/24/screens/http.rmshareportal-tst.qcorpaa.aa.com..png,/root/Desktop/linkThrasher/Results/EyeWitness/aa.com/24/source/http.rmshareportal-tst.qcorpaa.aa.com..txt
http,80,stage.aa.com,Successful,/root/Desktop/linkThrasher/Results/EyeWitness/aa.com/24/screens/http.stage.aa.com..png,/root/Desktop/linkThrasher/Results/EyeWitness/aa.com/24/source/http.stage.aa.com..txt
http,80,owrcm-dr.aa.com,Successful,/root/Desktop/linkThrasher/Results/EyeWitness/aa.com/24/screens/http.owrcm-dr.aa.com..png,/root/Desktop/linkThrasher/Results/EyeWitness/aa.com/24/source/http.owrcm-dr.aa.com..txt
http,80,smlogin.stage.aa.com,Successful,/root/Desktop/linkThrasher/Results/EyeWitness/aa.com/24/screens/http.smlogin.qtcorpaa.aa.com..png,/root/Desktop/linkThrasher/Results/EyeWitness/aa.com/24/source/http.smlogin.stage.aa.com..txt
http,80,spe.aa.com,Successful,/root/Desktop/linkThrasher/Results/EyeWitness/aa.com/24/screens/http.spe.aa.com..png,/root/Desktop/linkThrasher/Results/EyeWitness/aa.com/24/source/http.spe.aa.com..txt
http,80,cci.aa.com,Successful,/root/Desktop/linkThrasher/Results/EyeWitness/aa.com/24/screens/http.aart.aa.com..png,/root/Desktop/linkThrasher/Results/EyeWitness/aa.com/24/source/http.cci.aa.com..txt
http,80,aspectwfm.aa.com,Successful,/root/Desktop/linkThrasher/Results/EyeWitness/aa.com/24/screens/http.aspectwfm.aa.com..png,/root/Desktop/linkThrasher/Results/EyeWitness/aa.com/24/source/http.aspectwfm.aa.com..txt
http,80,api.np.bags.aa.com,Successful,/root/Desktop/linkThrasher/Results/EyeWitness/aa.com/24/screens/http.api.np.bags.aa.com..png,/root/Desktop/linkThrasher/Results/EyeWitness/aa.com/24/source/http.api.np.bags.aa.com..txt
http,80,newatd.test.qcorpaa.aa.com,Successful,/root/Desktop/linkThrasher/Results/EyeWitness/aa.com/24/screens/http.aart.aa.com..png,/root/Desktop/linkThrasher/Results/EyeWitness/aa.com/24/source/http.newatd.test.qcorpaa.aa.com..txt
http,80,partsrequests-techops.apps.aa.com,Successful,/root/Desktop/linkThrasher/Results/EyeWitness/aa.com/24/screens/http.aart.aa.com..png,/root/Desktop/linkThrasher/Results/EyeWitness/aa.com/24/source/http.partsrequests-techops.apps.aa.com..txt
http,80,travelplanner-beta.test.etp.aa.com,Successful,/root/Desktop/linkThrasher/Results/EyeWitness/aa.com/24/screens/http.aart.aa.com..png,/root/Desktop/linkThrasher/Results/EyeWitness/aa.com/24/source/http.travelplanner-beta.test.etp.aa.com..txt
http,80,api.fly.aa.com,Successful,/root/Desktop/linkThrasher/Results/EyeWitness/aa.com/24/screens/http.api.fly.aa.com..png,/root/Desktop/linkThrasher/Results/EyeWitness/aa.com/24/source/http.api.fly.aa.com..txt
http,80,aaflightservice.aa.com,Successful,/root/Desktop/linkThrasher/Results/EyeWitness/aa.com/24/screens/http.aart.aa.com..png,/root/Desktop/linkThrasher/Results/EyeWitness/aa.com/24/source/http.aaflightservice.aa.com..txt
http,80,ux.aa.com,Successful,/root/Desktop/linkThrasher/Results/EyeWitness/aa.com/24/screens/http.ux.aa.com..png,/root/Desktop/linkThrasher/Results/EyeWitness/aa.com/24/source/http.ux.aa.com..txt
http,80,epays3-dev-alt3.aa.com,Successful,/root/Desktop/linkThrasher/Results/EyeWitness/aa.com/24/screens/http.epays3-dev-alt3.aa.com..png,/root/Desktop/linkThrasher/Results/EyeWitness/aa.com/24/source/http.epays3-dev-alt3.aa.com..txt
http,80,svcarddetails.stage.aa.com,Successful,/root/Desktop/linkThrasher/Results/EyeWitness/aa.com/24/screens/http.svcarddetails.stage.aa.com..png,/root/Desktop/linkThrasher/Results/EyeWitness/aa.com/24/source/http.svcarddetails.stage.aa.com..txt
http,80,favms.aa.com,Successful,/root/Desktop/linkThrasher/Results/EyeWitness/aa.com/24/screens/http.aart.aa.com..png,/root/Desktop/linkThrasher/Results/EyeWitness/aa.com/24/source/http.favms.aa.com..txt
http,80,nrs.ae.aa.com,Successful,/root/Desktop/linkThrasher/Results/EyeWitness/aa.com/24/screens/http.nrs.ae.aa.com..png,/root/Desktop/linkThrasher/Results/EyeWitness/aa.com/24/source/http.nrs.ae.aa.com..txt
http,80,travelplanner-beta.stage.etp.aa.com,Successful,/root/Desktop/linkThrasher/Results/EyeWitness/aa.com/24/screens/http.aart.aa.com..png,/root/Desktop/linkThrasher/Results/EyeWitness/aa.com/24/source/http.travelplanner-beta.stage.etp.aa.com..txt
http,80,flightweb-api.aa.com,Successful,/root/Desktop/linkThrasher/Results/EyeWitness/aa.com/24/screens/http.flightweb-api.aa.com..png,/root/Desktop/linkThrasher/Results/EyeWitness/aa.com/24/source/http.flightweb-api.aa.com..txt
http,80,globalstage.aa.com,Successful,/root/Desktop/linkThrasher/Results/EyeWitness/aa.com/24/screens/http.aart.aa.com..png,/root/Desktop/linkThrasher/Results/EyeWitness/aa.com/24/source/http.globalstage.aa.com..txt
http,80,smlogin.qtcorpaa.aa.com,Successful,/root/Desktop/linkThrasher/Results/EyeWitness/aa.com/24/screens/http.smlogin.qtcorpaa.aa.com..png,/root/Desktop/linkThrasher/Results/EyeWitness/aa.com/24/source/http.smlogin.qtcorpaa.aa.com..txt
http,80,aads1.aa.com,Successful,/root/Desktop/linkThrasher/Results/EyeWitness/aa.com/24/screens/http.aads1.aa.com..png,/root/Desktop/linkThrasher/Results/EyeWitness/aa.com/24/source/http.aads1.aa.com..txt