URL,80
http://frms-stg.aa.com/,X,
http://getng.stage.aa.com/,X,
http://www.saleslink.aa.com/,X,
http://techopshub.me.stage.aa.com/,X,
http://dashboard-service-test.raptor.aa.com/,X,
http://tweet-classifier-test.aa.com/,X,
http://facebook.snap.aa.com/,X,
http://config.app.np.bags.aa.com/,X,
http://tfpdeliveryenablement.aa.com/,X,
http://businessextra.stage.aa.com/,X,
http://ingest.aa.com/,X,
http://facebook-test.snap.aa.com/,X,
http://flightweb-dev.aa.com/,X,
http://asmdev2.aa.com/,X,
http://secureauthentication-stage.snap.aa.com/,X,
http://curbside-qa.aa.com/,X,
http://sse.jetnet.aa.com/,X,
http://no.aa.com/,X,
http://raven-dev.aa.com/,X,
http://api-entertainment.aa.com/,X,
http://payprotect.cherokee.aa.com/,X,
http://sonarqube.aa.com/,X,
http://fts-feedback.aa.com/,X,
http://rmshareapps.aa.com-acs2.aa.com/,X,
http://nrta.etp.aa.com/,X,
http://workspace.aa.com/,X,
http://rovrplus.aa.com/,X,
http://cdn.iqa2.flyaa.aa.com/,X,
http://technologyservices.aa.com/,X,
http://login.aa.com/,X,