URL,80
http://cube.hungerstation.com/,X,
http://infra-test-1-vendor-search.hungerstation.com/,X,
http://sidekiq-partners.hungerstation.com/,X,
http://docs.hungerstation.com/,X,
http://dr.hungerstation.com/,X,
http://sidekiq.hungerstation.com/,X,
http://offer.hungerstation.com/,X,
http://vendor-search-dr.hungerstation.com/,X,
http://website-api.hungerstation.com/,X,
http://auth-infra-test-2.hungerstation.com/,X,
http://infra-test-2.hungerstation.com/,X,
http://sidekiq-dr.hungerstation.com/,X,
http://sidekiq-infra-test-2.hungerstation.com/,X,
http://sgl.hungerstation.com/,X,
http://infra-test.hungerstation.com/,X,
http://partners-dr.hungerstation.com/,X,
http://website-api-dr.hungerstation.com/,X,
http://operation.hungerstation.com/,X,
http://sidekiq-infra-test-1.hungerstation.com/,X,
http://cube-dr.hungerstation.com/,X,
http://vendor-search.hungerstation.com/,X,
http://kiali-infra-test.hungerstation.com/,X,
http://infra-test-2-website-api.hungerstation.com/,X,
http://link.em.hungerstation.com/,X,
http://portal.hungerstation.com/,X,
http://notification-dr.hungerstation.com/,X,
http://infra-test-2-vendor-search.hungerstation.com/,X,
http://zendesk1.hungerstation.com/,X,
http://infra-test-1-website-api.hungerstation.com/,X,
http://cdn1.hungerstation.com/,X,
http://infra-test-1.hungerstation.com/,X,
http://infra-test-vendor-search.hungerstation.com/,X,
http://auth-infra-test.hungerstation.com/,X,
http://hungerstation.com/,X,
http://hub.hungerstation.com/,X,
http://riderhub.hungerstation.com/,X,
http://sidekiq-infra-test.hungerstation.com/,X,
http://rider.hungerstation.com/,X,
http://zendesk4.hungerstation.com/,X,
http://www.hungerstation.com/,X,
http://bh.hungerstation.com/,X,
http://ablink.rider.hungerstation.com/,X,
http://to.hungerstation.com/,X,
http://link.hungerstation.com/,X,