Protocol,Port,Domain,Request Status,Screenshot Path, Source Path
http,80,cube.hungerstation.com,Successful,/root/Desktop/linkThrasher/Results/EyeWitness/hungerstation.com/screens/http.cube.hungerstation.com..png,/root/Desktop/linkThrasher/Results/EyeWitness/hungerstation.com/source/http.cube.hungerstation.com..txt
http,80,infra-test-1-vendor-search.hungerstation.com,Successful,/root/Desktop/linkThrasher/Results/EyeWitness/hungerstation.com/screens/http.infra-test-1-vendor-search.hungerstation.com..png,/root/Desktop/linkThrasher/Results/EyeWitness/hungerstation.com/source/http.infra-test-1-vendor-search.hungerstation.com..txt
http,80,sidekiq-partners.hungerstation.com,Successful,/root/Desktop/linkThrasher/Results/EyeWitness/hungerstation.com/screens/http.sidekiq-partners.hungerstation.com..png,/root/Desktop/linkThrasher/Results/EyeWitness/hungerstation.com/source/http.sidekiq-partners.hungerstation.com..txt
http,80,docs.hungerstation.com,Successful,/root/Desktop/linkThrasher/Results/EyeWitness/hungerstation.com/screens/http.docs.hungerstation.com..png,/root/Desktop/linkThrasher/Results/EyeWitness/hungerstation.com/source/http.docs.hungerstation.com..txt
http,80,dr.hungerstation.com,Successful,/root/Desktop/linkThrasher/Results/EyeWitness/hungerstation.com/screens/http.dr.hungerstation.com..png,/root/Desktop/linkThrasher/Results/EyeWitness/hungerstation.com/source/http.dr.hungerstation.com..txt
http,80,sidekiq.hungerstation.com,Successful,/root/Desktop/linkThrasher/Results/EyeWitness/hungerstation.com/screens/http.sidekiq.hungerstation.com..png,/root/Desktop/linkThrasher/Results/EyeWitness/hungerstation.com/source/http.sidekiq.hungerstation.com..txt
http,80,offer.hungerstation.com,Successful,/root/Desktop/linkThrasher/Results/EyeWitness/hungerstation.com/screens/http.offer.hungerstation.com..png,/root/Desktop/linkThrasher/Results/EyeWitness/hungerstation.com/source/http.offer.hungerstation.com..txt
http,80,vendor-search-dr.hungerstation.com,Successful,/root/Desktop/linkThrasher/Results/EyeWitness/hungerstation.com/screens/http.vendor-search-dr.hungerstation.com..png,/root/Desktop/linkThrasher/Results/EyeWitness/hungerstation.com/source/http.vendor-search-dr.hungerstation.com..txt
http,80,website-api.hungerstation.com,Successful,/root/Desktop/linkThrasher/Results/EyeWitness/hungerstation.com/screens/http.website-api.hungerstation.com..png,/root/Desktop/linkThrasher/Results/EyeWitness/hungerstation.com/source/http.website-api.hungerstation.com..txt
http,80,auth-infra-test-2.hungerstation.com,Successful,/root/Desktop/linkThrasher/Results/EyeWitness/hungerstation.com/screens/http.auth-infra-test-2.hungerstation.com..png,/root/Desktop/linkThrasher/Results/EyeWitness/hungerstation.com/source/http.auth-infra-test-2.hungerstation.com..txt
http,80,infra-test-2.hungerstation.com,Successful,/root/Desktop/linkThrasher/Results/EyeWitness/hungerstation.com/screens/http.infra-test-2.hungerstation.com..png,/root/Desktop/linkThrasher/Results/EyeWitness/hungerstation.com/source/http.infra-test-2.hungerstation.com..txt
http,80,sidekiq-dr.hungerstation.com,Successful,/root/Desktop/linkThrasher/Results/EyeWitness/hungerstation.com/screens/http.sidekiq-dr.hungerstation.com..png,/root/Desktop/linkThrasher/Results/EyeWitness/hungerstation.com/source/http.sidekiq-dr.hungerstation.com..txt
http,80,sidekiq-infra-test-2.hungerstation.com,Successful,/root/Desktop/linkThrasher/Results/EyeWitness/hungerstation.com/screens/http.sidekiq-infra-test-2.hungerstation.com..png,/root/Desktop/linkThrasher/Results/EyeWitness/hungerstation.com/source/http.sidekiq-infra-test-2.hungerstation.com..txt
http,80,sgl.hungerstation.com,Successful,/root/Desktop/linkThrasher/Results/EyeWitness/hungerstation.com/screens/http.sgl.hungerstation.com..png,/root/Desktop/linkThrasher/Results/EyeWitness/hungerstation.com/source/http.sgl.hungerstation.com..txt
http,80,infra-test.hungerstation.com,Successful,/root/Desktop/linkThrasher/Results/EyeWitness/hungerstation.com/screens/http.infra-test.hungerstation.com..png,/root/Desktop/linkThrasher/Results/EyeWitness/hungerstation.com/source/http.infra-test.hungerstation.com..txt
http,80,partners-dr.hungerstation.com,Successful,/root/Desktop/linkThrasher/Results/EyeWitness/hungerstation.com/screens/http.partners-dr.hungerstation.com..png,/root/Desktop/linkThrasher/Results/EyeWitness/hungerstation.com/source/http.partners-dr.hungerstation.com..txt
http,80,website-api-dr.hungerstation.com,Successful,/root/Desktop/linkThrasher/Results/EyeWitness/hungerstation.com/screens/http.website-api-dr.hungerstation.com..png,/root/Desktop/linkThrasher/Results/EyeWitness/hungerstation.com/source/http.website-api-dr.hungerstation.com..txt
http,80,operation.hungerstation.com,Successful,/root/Desktop/linkThrasher/Results/EyeWitness/hungerstation.com/screens/http.operation.hungerstation.com..png,/root/Desktop/linkThrasher/Results/EyeWitness/hungerstation.com/source/http.operation.hungerstation.com..txt
http,80,sidekiq-infra-test-1.hungerstation.com,Successful,/root/Desktop/linkThrasher/Results/EyeWitness/hungerstation.com/screens/http.sidekiq-infra-test-1.hungerstation.com..png,/root/Desktop/linkThrasher/Results/EyeWitness/hungerstation.com/source/http.sidekiq-infra-test-1.hungerstation.com..txt
http,80,cube-dr.hungerstation.com,Successful,/root/Desktop/linkThrasher/Results/EyeWitness/hungerstation.com/screens/http.cube-dr.hungerstation.com..png,/root/Desktop/linkThrasher/Results/EyeWitness/hungerstation.com/source/http.cube-dr.hungerstation.com..txt
http,80,vendor-search.hungerstation.com,Successful,/root/Desktop/linkThrasher/Results/EyeWitness/hungerstation.com/screens/http.vendor-search.hungerstation.com..png,/root/Desktop/linkThrasher/Results/EyeWitness/hungerstation.com/source/http.vendor-search.hungerstation.com..txt
http,80,kiali-infra-test.hungerstation.com,Successful,/root/Desktop/linkThrasher/Results/EyeWitness/hungerstation.com/screens/http.kiali-infra-test.hungerstation.com..png,/root/Desktop/linkThrasher/Results/EyeWitness/hungerstation.com/source/http.kiali-infra-test.hungerstation.com..txt
http,80,infra-test-2-website-api.hungerstation.com,Successful,/root/Desktop/linkThrasher/Results/EyeWitness/hungerstation.com/screens/http.infra-test-2-website-api.hungerstation.com..png,/root/Desktop/linkThrasher/Results/EyeWitness/hungerstation.com/source/http.infra-test-2-website-api.hungerstation.com..txt
http,80,link.em.hungerstation.com,Successful,/root/Desktop/linkThrasher/Results/EyeWitness/hungerstation.com/screens/http.link.em.hungerstation.com..png,/root/Desktop/linkThrasher/Results/EyeWitness/hungerstation.com/source/http.link.em.hungerstation.com..txt
http,80,portal.hungerstation.com,Successful,/root/Desktop/linkThrasher/Results/EyeWitness/hungerstation.com/screens/http.portal.hungerstation.com..png,/root/Desktop/linkThrasher/Results/EyeWitness/hungerstation.com/source/http.portal.hungerstation.com..txt
http,80,notification-dr.hungerstation.com,Successful,/root/Desktop/linkThrasher/Results/EyeWitness/hungerstation.com/screens/http.notification-dr.hungerstation.com..png,/root/Desktop/linkThrasher/Results/EyeWitness/hungerstation.com/source/http.notification-dr.hungerstation.com..txt
http,80,infra-test-2-vendor-search.hungerstation.com,Successful,/root/Desktop/linkThrasher/Results/EyeWitness/hungerstation.com/screens/http.infra-test-2-vendor-search.hungerstation.com..png,/root/Desktop/linkThrasher/Results/EyeWitness/hungerstation.com/source/http.infra-test-2-vendor-search.hungerstation.com..txt
http,80,zendesk1.hungerstation.com,Successful,/root/Desktop/linkThrasher/Results/EyeWitness/hungerstation.com/screens/http.zendesk1.hungerstation.com..png,/root/Desktop/linkThrasher/Results/EyeWitness/hungerstation.com/source/http.zendesk1.hungerstation.com..txt
http,80,infra-test-1-website-api.hungerstation.com,Successful,/root/Desktop/linkThrasher/Results/EyeWitness/hungerstation.com/screens/http.infra-test-1-website-api.hungerstation.com..png,/root/Desktop/linkThrasher/Results/EyeWitness/hungerstation.com/source/http.infra-test-1-website-api.hungerstation.com..txt
http,80,cdn1.hungerstation.com,Successful,/root/Desktop/linkThrasher/Results/EyeWitness/hungerstation.com/screens/http.cdn1.hungerstation.com..png,/root/Desktop/linkThrasher/Results/EyeWitness/hungerstation.com/source/http.cdn1.hungerstation.com..txt
http,80,infra-test-1.hungerstation.com,Successful,/root/Desktop/linkThrasher/Results/EyeWitness/hungerstation.com/screens/http.infra-test-1.hungerstation.com..png,/root/Desktop/linkThrasher/Results/EyeWitness/hungerstation.com/source/http.infra-test-1.hungerstation.com..txt
http,80,infra-test-vendor-search.hungerstation.com,Successful,/root/Desktop/linkThrasher/Results/EyeWitness/hungerstation.com/screens/http.infra-test-vendor-search.hungerstation.com..png,/root/Desktop/linkThrasher/Results/EyeWitness/hungerstation.com/source/http.infra-test-vendor-search.hungerstation.com..txt
http,80,auth-infra-test.hungerstation.com,Successful,/root/Desktop/linkThrasher/Results/EyeWitness/hungerstation.com/screens/http.auth-infra-test.hungerstation.com..png,/root/Desktop/linkThrasher/Results/EyeWitness/hungerstation.com/source/http.auth-infra-test.hungerstation.com..txt
http,80,hungerstation.com,Successful,/root/Desktop/linkThrasher/Results/EyeWitness/hungerstation.com/screens/http.hungerstation.com..png,/root/Desktop/linkThrasher/Results/EyeWitness/hungerstation.com/source/http.hungerstation.com..txt
http,80,hub.hungerstation.com,Successful,/root/Desktop/linkThrasher/Results/EyeWitness/hungerstation.com/screens/http.hub.hungerstation.com..png,/root/Desktop/linkThrasher/Results/EyeWitness/hungerstation.com/source/http.hub.hungerstation.com..txt
http,80,riderhub.hungerstation.com,Successful,/root/Desktop/linkThrasher/Results/EyeWitness/hungerstation.com/screens/http.riderhub.hungerstation.com..png,/root/Desktop/linkThrasher/Results/EyeWitness/hungerstation.com/source/http.riderhub.hungerstation.com..txt
http,80,sidekiq-infra-test.hungerstation.com,Successful,/root/Desktop/linkThrasher/Results/EyeWitness/hungerstation.com/screens/http.sidekiq-infra-test.hungerstation.com..png,/root/Desktop/linkThrasher/Results/EyeWitness/hungerstation.com/source/http.sidekiq-infra-test.hungerstation.com..txt
http,80,rider.hungerstation.com,Successful,/root/Desktop/linkThrasher/Results/EyeWitness/hungerstation.com/screens/http.rider.hungerstation.com..png,/root/Desktop/linkThrasher/Results/EyeWitness/hungerstation.com/source/http.rider.hungerstation.com..txt
http,80,zendesk4.hungerstation.com,Successful,/root/Desktop/linkThrasher/Results/EyeWitness/hungerstation.com/screens/http.zendesk4.hungerstation.com..png,/root/Desktop/linkThrasher/Results/EyeWitness/hungerstation.com/source/http.zendesk4.hungerstation.com..txt
http,80,www.hungerstation.com,Successful,/root/Desktop/linkThrasher/Results/EyeWitness/hungerstation.com/screens/http.www.hungerstation.com..png,/root/Desktop/linkThrasher/Results/EyeWitness/hungerstation.com/source/http.www.hungerstation.com..txt
http,80,bh.hungerstation.com,Successful,/root/Desktop/linkThrasher/Results/EyeWitness/hungerstation.com/screens/http.bh.hungerstation.com..png,/root/Desktop/linkThrasher/Results/EyeWitness/hungerstation.com/source/http.bh.hungerstation.com..txt
http,80,ablink.rider.hungerstation.com,Successful,/root/Desktop/linkThrasher/Results/EyeWitness/hungerstation.com/screens/http.sgl.hungerstation.com..png,/root/Desktop/linkThrasher/Results/EyeWitness/hungerstation.com/source/http.ablink.rider.hungerstation.com..txt
http,80,to.hungerstation.com,Successful,/root/Desktop/linkThrasher/Results/EyeWitness/hungerstation.com/screens/http.to.hungerstation.com..png,/root/Desktop/linkThrasher/Results/EyeWitness/hungerstation.com/source/http.to.hungerstation.com..txt
http,80,link.hungerstation.com,Successful,/root/Desktop/linkThrasher/Results/EyeWitness/hungerstation.com/screens/http.link.hungerstation.com..png,/root/Desktop/linkThrasher/Results/EyeWitness/hungerstation.com/source/http.link.hungerstation.com..txt