URL,80
http://merch.snoop.hypermint.com/,X,
http://dev.app.hypermint.com/,X,
http://hypernet.hypermint.com/,X,
http://hypermint.com/,X,
http://snoop.hypermint.com/,X,
http://dev.client.hypermint.com/,X,
http://metadata.hypermint.com/,X,
http://storefront.hypermint.com/,X,
http://merch.hypermint.com/,X,
http://www.app.hypermint.com/,X,
http://docs.hypermint.com/,X,
http://app.hypermint.com/,X,
http://nft-nyc.hypermint.com/,X,
http://client.hypermint.com/,X,
http://api.hypermint.com/,X,
http://api.snoop.hypermint.com/,X,
http://www.demo.hypermint.com/,X,
http://www.hypermint.com/,X,
http://demo.hypermint.com/,X,