Protocol,Port,Domain,Request Status,Screenshot Path, Source Path
http,80,merch.snoop.hypermint.com,Successful,/root/Desktop/linkThrasher/Results/EyeWitness/hypermint.com/screens/http.merch.snoop.hypermint.com..png,/root/Desktop/linkThrasher/Results/EyeWitness/hypermint.com/source/http.merch.snoop.hypermint.com..txt
http,80,dev.app.hypermint.com,Successful,/root/Desktop/linkThrasher/Results/EyeWitness/hypermint.com/screens/http.app.hypermint.com..png,/root/Desktop/linkThrasher/Results/EyeWitness/hypermint.com/source/http.dev.app.hypermint.com..txt
http,80,hypernet.hypermint.com,Successful,/root/Desktop/linkThrasher/Results/EyeWitness/hypermint.com/screens/http.hypernet.hypermint.com..png,/root/Desktop/linkThrasher/Results/EyeWitness/hypermint.com/source/http.hypernet.hypermint.com..txt
http,80,hypermint.com,Successful,/root/Desktop/linkThrasher/Results/EyeWitness/hypermint.com/screens/http.hypermint.com..png,/root/Desktop/linkThrasher/Results/EyeWitness/hypermint.com/source/http.hypermint.com..txt
http,80,snoop.hypermint.com,Successful,/root/Desktop/linkThrasher/Results/EyeWitness/hypermint.com/screens/http.snoop.hypermint.com..png,/root/Desktop/linkThrasher/Results/EyeWitness/hypermint.com/source/http.snoop.hypermint.com..txt
http,80,dev.client.hypermint.com,Successful,/root/Desktop/linkThrasher/Results/EyeWitness/hypermint.com/screens/http.dev.client.hypermint.com..png,/root/Desktop/linkThrasher/Results/EyeWitness/hypermint.com/source/http.dev.client.hypermint.com..txt
http,80,metadata.hypermint.com,Successful,/root/Desktop/linkThrasher/Results/EyeWitness/hypermint.com/screens/http.metadata.hypermint.com..png,/root/Desktop/linkThrasher/Results/EyeWitness/hypermint.com/source/http.metadata.hypermint.com..txt
http,80,storefront.hypermint.com,Timeout,/root/Desktop/linkThrasher/Results/EyeWitness/hypermint.com/screens/http.storefront.hypermint.com..png,/root/Desktop/linkThrasher/Results/EyeWitness/hypermint.com/source/http.storefront.hypermint.com..txt
http,80,merch.hypermint.com,Successful,/root/Desktop/linkThrasher/Results/EyeWitness/hypermint.com/screens/http.merch.hypermint.com..png,/root/Desktop/linkThrasher/Results/EyeWitness/hypermint.com/source/http.merch.hypermint.com..txt
http,80,www.app.hypermint.com,Successful,/root/Desktop/linkThrasher/Results/EyeWitness/hypermint.com/screens/http.dev.client.hypermint.com..png,/root/Desktop/linkThrasher/Results/EyeWitness/hypermint.com/source/http.www.app.hypermint.com..txt
http,80,docs.hypermint.com,Timeout,/root/Desktop/linkThrasher/Results/EyeWitness/hypermint.com/screens/http.docs.hypermint.com..png,/root/Desktop/linkThrasher/Results/EyeWitness/hypermint.com/source/http.docs.hypermint.com..txt
http,80,app.hypermint.com,Successful,/root/Desktop/linkThrasher/Results/EyeWitness/hypermint.com/screens/http.app.hypermint.com..png,/root/Desktop/linkThrasher/Results/EyeWitness/hypermint.com/source/http.app.hypermint.com..txt
http,80,nft-nyc.hypermint.com,Successful,/root/Desktop/linkThrasher/Results/EyeWitness/hypermint.com/screens/http.api.hypermint.com..png,/root/Desktop/linkThrasher/Results/EyeWitness/hypermint.com/source/http.nft-nyc.hypermint.com..txt
http,80,client.hypermint.com,Successful,/root/Desktop/linkThrasher/Results/EyeWitness/hypermint.com/screens/http.dev.client.hypermint.com..png,/root/Desktop/linkThrasher/Results/EyeWitness/hypermint.com/source/http.client.hypermint.com..txt
http,80,api.hypermint.com,Successful,/root/Desktop/linkThrasher/Results/EyeWitness/hypermint.com/screens/http.api.hypermint.com..png,/root/Desktop/linkThrasher/Results/EyeWitness/hypermint.com/source/http.api.hypermint.com..txt
http,80,api.snoop.hypermint.com,Successful,/root/Desktop/linkThrasher/Results/EyeWitness/hypermint.com/screens/http.api.hypermint.com..png,/root/Desktop/linkThrasher/Results/EyeWitness/hypermint.com/source/http.api.snoop.hypermint.com..txt
http,80,www.demo.hypermint.com,Timeout,/root/Desktop/linkThrasher/Results/EyeWitness/hypermint.com/screens/http.www.demo.hypermint.com..png,/root/Desktop/linkThrasher/Results/EyeWitness/hypermint.com/source/http.www.demo.hypermint.com..txt
http,80,www.hypermint.com,Successful,/root/Desktop/linkThrasher/Results/EyeWitness/hypermint.com/screens/http.www.hypermint.com..png,/root/Desktop/linkThrasher/Results/EyeWitness/hypermint.com/source/http.www.hypermint.com..txt
http,80,demo.hypermint.com,Successful,/root/Desktop/linkThrasher/Results/EyeWitness/hypermint.com/screens/http.demo.hypermint.com..png,/root/Desktop/linkThrasher/Results/EyeWitness/hypermint.com/source/http.demo.hypermint.com..txt