URL,80
http://boithuongbaohiem.manulife.com.vn/,X,
http://hopdongcuatoi.manulife.com.vn/,X,
http://dongphi-uat.manulife.com.vn/,X,
http://shop.manulife.com.vn/,X,
http://hopdongcuatoi-uat.manulife.com.vn/,X,
http://ppd-eclaim.manulife.com.vn/,X,
http://dongphi.manulife.com.vn/,X,
http://uat-eclaim.manulife.com.vn/,X,
http://stg-ap.manulife.com.vn/,X,
http://autodiscover.manulife.com.vn/,X,
http://shopuat.manulife.com.vn/,X,
http://hopdong.manulife.com.vn/,X,
http://hopdong-uat.manulife.com.vn/,X,
http://www.manulife.com.vn/,X,
http://manulife.com.vn/,X,
http://khachhang.manulife.com.vn/,X,
http://preprod-ap.manulife.com.vn/,X,