Protocol,Port,Domain,Request Status,Screenshot Path, Source Path
http,80,boithuongbaohiem.manulife.com.vn,Successful,/root/Desktop/linkThrasher/Results/EyeWitness/manulife.com.vn/screens/http.boithuongbaohiem.manulife.com.vn..png,/root/Desktop/linkThrasher/Results/EyeWitness/manulife.com.vn/source/http.boithuongbaohiem.manulife.com.vn..txt
http,80,hopdongcuatoi.manulife.com.vn,Successful,/root/Desktop/linkThrasher/Results/EyeWitness/manulife.com.vn/screens/http.hopdongcuatoi.manulife.com.vn..png,/root/Desktop/linkThrasher/Results/EyeWitness/manulife.com.vn/source/http.hopdongcuatoi.manulife.com.vn..txt
http,80,dongphi-uat.manulife.com.vn,Timeout,/root/Desktop/linkThrasher/Results/EyeWitness/manulife.com.vn/screens/http.dongphi-uat.manulife.com.vn..png,/root/Desktop/linkThrasher/Results/EyeWitness/manulife.com.vn/source/http.dongphi-uat.manulife.com.vn..txt
http,80,shop.manulife.com.vn,Timeout,/root/Desktop/linkThrasher/Results/EyeWitness/manulife.com.vn/screens/http.shop.manulife.com.vn..png,/root/Desktop/linkThrasher/Results/EyeWitness/manulife.com.vn/source/http.shop.manulife.com.vn..txt
http,80,hopdongcuatoi-uat.manulife.com.vn,Timeout,/root/Desktop/linkThrasher/Results/EyeWitness/manulife.com.vn/screens/http.hopdongcuatoi-uat.manulife.com.vn..png,/root/Desktop/linkThrasher/Results/EyeWitness/manulife.com.vn/source/http.hopdongcuatoi-uat.manulife.com.vn..txt
http,80,ppd-eclaim.manulife.com.vn,Successful,/root/Desktop/linkThrasher/Results/EyeWitness/manulife.com.vn/screens/http.ppd-eclaim.manulife.com.vn..png,/root/Desktop/linkThrasher/Results/EyeWitness/manulife.com.vn/source/http.ppd-eclaim.manulife.com.vn..txt
http,80,dongphi.manulife.com.vn,Timeout,/root/Desktop/linkThrasher/Results/EyeWitness/manulife.com.vn/screens/http.dongphi.manulife.com.vn..png,/root/Desktop/linkThrasher/Results/EyeWitness/manulife.com.vn/source/http.dongphi.manulife.com.vn..txt
http,80,uat-eclaim.manulife.com.vn,Successful,/root/Desktop/linkThrasher/Results/EyeWitness/manulife.com.vn/screens/http.uat-eclaim.manulife.com.vn..png,/root/Desktop/linkThrasher/Results/EyeWitness/manulife.com.vn/source/http.uat-eclaim.manulife.com.vn..txt
http,80,stg-ap.manulife.com.vn,Successful,/root/Desktop/linkThrasher/Results/EyeWitness/manulife.com.vn/screens/http.stg-ap.manulife.com.vn..png,/root/Desktop/linkThrasher/Results/EyeWitness/manulife.com.vn/source/http.stg-ap.manulife.com.vn..txt
http,80,autodiscover.manulife.com.vn,Successful,/root/Desktop/linkThrasher/Results/EyeWitness/manulife.com.vn/screens/http.autodiscover.manulife.com.vn..png,/root/Desktop/linkThrasher/Results/EyeWitness/manulife.com.vn/source/http.autodiscover.manulife.com.vn..txt
http,80,shopuat.manulife.com.vn,Timeout,/root/Desktop/linkThrasher/Results/EyeWitness/manulife.com.vn/screens/http.shopuat.manulife.com.vn..png,/root/Desktop/linkThrasher/Results/EyeWitness/manulife.com.vn/source/http.shopuat.manulife.com.vn..txt
http,80,hopdong.manulife.com.vn,Timeout,/root/Desktop/linkThrasher/Results/EyeWitness/manulife.com.vn/screens/http.hopdong.manulife.com.vn..png,/root/Desktop/linkThrasher/Results/EyeWitness/manulife.com.vn/source/http.hopdong.manulife.com.vn..txt
http,80,hopdong-uat.manulife.com.vn,Timeout,/root/Desktop/linkThrasher/Results/EyeWitness/manulife.com.vn/screens/http.hopdong-uat.manulife.com.vn..png,/root/Desktop/linkThrasher/Results/EyeWitness/manulife.com.vn/source/http.hopdong-uat.manulife.com.vn..txt
http,80,www.manulife.com.vn,Timeout,/root/Desktop/linkThrasher/Results/EyeWitness/manulife.com.vn/screens/http.www.manulife.com.vn..png,/root/Desktop/linkThrasher/Results/EyeWitness/manulife.com.vn/source/http.www.manulife.com.vn..txt
http,80,manulife.com.vn,Timeout,/root/Desktop/linkThrasher/Results/EyeWitness/manulife.com.vn/screens/http.manulife.com.vn..png,/root/Desktop/linkThrasher/Results/EyeWitness/manulife.com.vn/source/http.manulife.com.vn..txt
http,80,khachhang.manulife.com.vn,Successful,/root/Desktop/linkThrasher/Results/EyeWitness/manulife.com.vn/screens/http.khachhang.manulife.com.vn..png,/root/Desktop/linkThrasher/Results/EyeWitness/manulife.com.vn/source/http.khachhang.manulife.com.vn..txt
http,80,preprod-ap.manulife.com.vn,Successful,/root/Desktop/linkThrasher/Results/EyeWitness/manulife.com.vn/screens/http.preprod-ap.manulife.com.vn..png,/root/Desktop/linkThrasher/Results/EyeWitness/manulife.com.vn/source/http.preprod-ap.manulife.com.vn..txt