URL,80
http://qang-eu-cps-pf.rxservices.mckesson.com/,X,
http://connectstats.mckesson.com/,X,
http://sites-tst.mckesson.com/,X,
http://portaltest.mckesson.com/,X,
http://mptrms.mckesson.com/,X,
http://ws-prd.mckesson.com/,X,
http://rxoanalytics-east.mckesson.com/,X,
http://mprstest-qa.mckesson.com/,X,
http://supply.mckesson.com/,X,
http://pay.mms.mckesson.com/,X,
http://mpas.mckesson.com/,X,
http://beta-cps.rxservices.mckesson.com/,X,
http://mckbapp.mckesson.com/,X,
http://cdn.mckesson.com/,X,
http://mcksplunk.mckesson.com/,X,
http://mckdirect.mckesson.com/,X,
http://mctest.mckesson.com/,X,
http://spsdev.mckesson.com/,X,
http://showspecials.mckesson.com/,X,
http://covidscreening.mckesson.com/,X,
http://iwskbsbtest.mckesson.com/,X,
http://map.mckesson.com/,X,
http://mmsstore.mckesson.com/,X,
http://test-api-services.mckesson.com/,X,
http://portal-biologics.mckesson.com/,X,
http://rxtoolkit.mckesson.com/,X,
http://securitylikes.isoc.mckesson.com/,X,
http://mms.reports.mckesson.com/,X,
http://empi.mckesson.com/,X,
http://lynxreportsbeta.mckesson.com/,X,