Protocol,Port,Domain,Request Status,Screenshot Path, Source Path
http,80,manulifebermuda.com,Successful,/root/Desktop/linkThrasher/Results/EyeWitness/manulifebermuda.com/screens/http.manulifebermuda.com..png,/root/Desktop/linkThrasher/Results/EyeWitness/manulifebermuda.com/source/http.manulifebermuda.com..txt
http,80,stg.manulifebermuda.com,Successful,/root/Desktop/linkThrasher/Results/EyeWitness/manulifebermuda.com/screens/http.stg.manulifebermuda.com..png,/root/Desktop/linkThrasher/Results/EyeWitness/manulifebermuda.com/source/http.stg.manulifebermuda.com..txt
http,80,pers-tst.manulifebermuda.com,Timeout,/root/Desktop/linkThrasher/Results/EyeWitness/manulifebermuda.com/screens/http.pers-tst.manulifebermuda.com..png,/root/Desktop/linkThrasher/Results/EyeWitness/manulifebermuda.com/source/http.pers-tst.manulifebermuda.com..txt
http,80,sales2.manulifebermuda.com,Successful,/root/Desktop/linkThrasher/Results/EyeWitness/manulifebermuda.com/screens/http.sales2.manulifebermuda.com..png,/root/Desktop/linkThrasher/Results/EyeWitness/manulifebermuda.com/source/http.sales2.manulifebermuda.com..txt
http,80,sales-tst.manulifebermuda.com,Timeout,/root/Desktop/linkThrasher/Results/EyeWitness/manulifebermuda.com/screens/http.sales-tst.manulifebermuda.com..png,/root/Desktop/linkThrasher/Results/EyeWitness/manulifebermuda.com/source/http.sales-tst.manulifebermuda.com..txt
http,80,qa.manulifebermuda.com,Successful,/root/Desktop/linkThrasher/Results/EyeWitness/manulifebermuda.com/screens/http.qa.manulifebermuda.com..png,/root/Desktop/linkThrasher/Results/EyeWitness/manulifebermuda.com/source/http.qa.manulifebermuda.com..txt
http,80,www.manulifebermuda.com,Timeout,/root/Desktop/linkThrasher/Results/EyeWitness/manulifebermuda.com/screens/http.www.manulifebermuda.com..png,/root/Desktop/linkThrasher/Results/EyeWitness/manulifebermuda.com/source/http.www.manulifebermuda.com..txt
http,80,pers-stg.manulifebermuda.com,Timeout,/root/Desktop/linkThrasher/Results/EyeWitness/manulifebermuda.com/screens/http.pers-stg.manulifebermuda.com..png,/root/Desktop/linkThrasher/Results/EyeWitness/manulifebermuda.com/source/http.pers-stg.manulifebermuda.com..txt