URL,80
http://tmrewards.foodpanda.my/,X,
http://static.foodpanda.my/,X,
http://bubble-tea.foodpanda.my/,X,
http://kawkaw.foodpanda.my/,X,
http://email.riders.foodpanda.my/,X,
http://canadianpizza.foodpanda.my/,X,
http://ablink.info.foodpanda.my/,X,
http://rider.foodpanda.my/,X,
http://backend.foodpanda.my/,X,
http://dome.foodpanda.my/,X,
http://nandos.foodpanda.my/,X,
http://api.foodpanda.my/,X,
http://salmon-sashimi.foodpanda.my/,X,
http://obriens.foodpanda.my/,X,
http://partner.foodpanda.my/,X,
http://www.foodpanda.my/,X,
http://pwww.foodpanda.my/,X,
http://onion-rings.foodpanda.my/,X,
http://taangshifu.foodpanda.my/,X,
http://ablink.mail.foodpanda.my/,X,
http://ridershop.foodpanda.my/,X,
http://rootbeer.foodpanda.my/,X,
http://merchant.foodpanda.my/,X,
http://dynamic.foodpanda.my/,X,
http://frontend.foodpanda.my/,X,
http://papajohns.foodpanda.my/,X,
http://magazine.foodpanda.my/,X,
http://krr.foodpanda.my/,X,
http://marketing.foodpanda.my/,X,
http://sakae.foodpanda.my/,X,
http://crm.foodpanda.my/,X,
http://caesar-salad.foodpanda.my/,X,
http://kuala-lumpur.foodpanda.my/,X,
http://ninjajoe.foodpanda.my/,X,
http://url1675.mail.foodpanda.my/,X,
http://sms.foodpanda.my/,X,
http://restaurant.foodpanda.my/,X,
http://chicken-nuggets.foodpanda.my/,X,
http://info.foodpanda.my/,X,
http://cf-ssl58866-protected.foodpanda.my/,X,
http://watami.foodpanda.my/,X,
http://foodpanda.my/,X,
http://st-backend.foodpanda.my/,X,
http://newsletter.foodpanda.my/,X,
http://www-st.foodpanda.my/,X,
http://www.restaurant.foodpanda.my/,X,
http://burgerbakarkawkaw.foodpanda.my/,X,
http://cf-ssl58866-protected-lb.foodpanda.my/,X,
http://oldtownwhitecoffee.foodpanda.my/,X,
http://lp.foodpanda.my/,X,
http://grouporder.foodpanda.my/,X,
http://lb.foodpanda.my/,X,
http://chatime.foodpanda.my/,X,
http://dinner-in-kl.foodpanda.my/,X,
http://mycybersale.foodpanda.my/,X,
http://chilis.foodpanda.my/,X,
http://kennyrogersroasters.foodpanda.my/,X,
http://thechickenriceshop.foodpanda.my/,X,
http://starbucks.foodpanda.my/,X,
http://cafes-in-kl.foodpanda.my/,X,
http://hub.foodpanda.my/,X,
http://hsbc.foodpanda.my/,X,
http://assets.foodpanda.my/,X,
http://terms.foodpanda.my/,X,
http://pepperoni-pizza.foodpanda.my/,X,
http://riders.foodpanda.my/,X,