URL,80
http://view.sea.foodpanda.com/,X,
http://ablink.rider.foodpanda.com/,X,
http://rank.foodpanda.com/,X,
http://ww.foodpanda.com/,X,
http://click.cee.foodpanda.com/,X,
http://pandacare-st.foodpanda.com/,X,
http://tech.foodpanda.com/,X,
http://website-www.foodpanda.com/,X,
http://docs.foodpanda.com/,X,
http://asia-public.foodpanda.com/,X,
http://euvolo-vpc-vendorbackendnotifier-lb.foodpanda.com/,X,
http://ablink.pandamart.foodpanda.com/,X,
http://product.foodpanda.com/,X,
http://webapp.foodpanda.com/,X,
http://image.apac.foodpanda.com/,X,
http://asia-vpc-front-lb.foodpanda.com/,X,
http://lb-gateway-prod-my.foodpanda.com/,X,
http://files.foodpanda.com/,X,
http://europe-public.foodpanda.com/,X,
http://view.apac.foodpanda.com/,X,
http://pages.sea.foodpanda.com/,X,
http://click.sea.foodpanda.com/,X,
http://image.cee.foodpanda.com/,X,
http://api.foodpanda.com/,X,
http://to.foodpanda.com/,X,
http://info.foodpanda.com/,X,
http://euvolo-vpc-imageservice-lb.foodpanda.com/,X,
http://ablink.ssu.foodpanda.com/,X,
http://view.cee.foodpanda.com/,X,
http://track.foodpanda.com/,X,
http://asia-vpc-back-lb.foodpanda.com/,X,
http://image.sea.foodpanda.com/,X,
http://restaurant-desktop.foodpanda.com/,X,
http://procurement.foodpanda.com/,X,