Protocol,Port,Domain,Request Status,Screenshot Path, Source Path
http,80,view.sea.foodpanda.com,Successful,/root/Desktop/linkThrasher/Results/EyeWitness/foodpanda.com/screens/http.view.cee.foodpanda.com..png,/root/Desktop/linkThrasher/Results/EyeWitness/foodpanda.com/source/http.view.sea.foodpanda.com..txt
http,80,ablink.rider.foodpanda.com,Successful,/root/Desktop/linkThrasher/Results/EyeWitness/foodpanda.com/screens/http.ablink.pandamart.foodpanda.com..png,/root/Desktop/linkThrasher/Results/EyeWitness/foodpanda.com/source/http.ablink.rider.foodpanda.com..txt
http,80,rank.foodpanda.com,Successful,/root/Desktop/linkThrasher/Results/EyeWitness/foodpanda.com/screens/http.ww.foodpanda.com..png,/root/Desktop/linkThrasher/Results/EyeWitness/foodpanda.com/source/http.rank.foodpanda.com..txt
http,80,ww.foodpanda.com,Successful,/root/Desktop/linkThrasher/Results/EyeWitness/foodpanda.com/screens/http.ww.foodpanda.com..png,/root/Desktop/linkThrasher/Results/EyeWitness/foodpanda.com/source/http.ww.foodpanda.com..txt
http,80,click.cee.foodpanda.com,Successful,/root/Desktop/linkThrasher/Results/EyeWitness/foodpanda.com/screens/http.click.sea.foodpanda.com..png,/root/Desktop/linkThrasher/Results/EyeWitness/foodpanda.com/source/http.click.cee.foodpanda.com..txt
http,80,pandacare-st.foodpanda.com,Successful,/root/Desktop/linkThrasher/Results/EyeWitness/foodpanda.com/screens/http.pandacare-st.foodpanda.com..png,/root/Desktop/linkThrasher/Results/EyeWitness/foodpanda.com/source/http.pandacare-st.foodpanda.com..txt
http,80,tech.foodpanda.com,Successful,/root/Desktop/linkThrasher/Results/EyeWitness/foodpanda.com/screens/http.tech.foodpanda.com..png,/root/Desktop/linkThrasher/Results/EyeWitness/foodpanda.com/source/http.tech.foodpanda.com..txt
http,80,website-www.foodpanda.com,Successful,/root/Desktop/linkThrasher/Results/EyeWitness/foodpanda.com/screens/http.ww.foodpanda.com..png,/root/Desktop/linkThrasher/Results/EyeWitness/foodpanda.com/source/http.website-www.foodpanda.com..txt
http,80,docs.foodpanda.com,Successful,/root/Desktop/linkThrasher/Results/EyeWitness/foodpanda.com/screens/http.ww.foodpanda.com..png,/root/Desktop/linkThrasher/Results/EyeWitness/foodpanda.com/source/http.docs.foodpanda.com..txt
http,80,asia-public.foodpanda.com,Successful,/root/Desktop/linkThrasher/Results/EyeWitness/foodpanda.com/screens/http.asia-public.foodpanda.com..png,/root/Desktop/linkThrasher/Results/EyeWitness/foodpanda.com/source/http.asia-public.foodpanda.com..txt
http,80,euvolo-vpc-vendorbackendnotifier-lb.foodpanda.com,Successful,/root/Desktop/linkThrasher/Results/EyeWitness/foodpanda.com/screens/http.euvolo-vpc-vendorbackendnotifier-lb.foodpanda.com..png,/root/Desktop/linkThrasher/Results/EyeWitness/foodpanda.com/source/http.euvolo-vpc-vendorbackendnotifier-lb.foodpanda.com..txt
http,80,ablink.pandamart.foodpanda.com,Successful,/root/Desktop/linkThrasher/Results/EyeWitness/foodpanda.com/screens/http.ablink.pandamart.foodpanda.com..png,/root/Desktop/linkThrasher/Results/EyeWitness/foodpanda.com/source/http.ablink.pandamart.foodpanda.com..txt
http,80,product.foodpanda.com,Successful,/root/Desktop/linkThrasher/Results/EyeWitness/foodpanda.com/screens/http.product.foodpanda.com..png,/root/Desktop/linkThrasher/Results/EyeWitness/foodpanda.com/source/http.product.foodpanda.com..txt
http,80,webapp.foodpanda.com,Successful,/root/Desktop/linkThrasher/Results/EyeWitness/foodpanda.com/screens/http.webapp.foodpanda.com..png,/root/Desktop/linkThrasher/Results/EyeWitness/foodpanda.com/source/http.webapp.foodpanda.com..txt
http,80,image.apac.foodpanda.com,Successful,/root/Desktop/linkThrasher/Results/EyeWitness/foodpanda.com/screens/http.image.apac.foodpanda.com..png,/root/Desktop/linkThrasher/Results/EyeWitness/foodpanda.com/source/http.image.apac.foodpanda.com..txt
http,80,asia-vpc-front-lb.foodpanda.com,Successful,/root/Desktop/linkThrasher/Results/EyeWitness/foodpanda.com/screens/http.asia-vpc-front-lb.foodpanda.com..png,/root/Desktop/linkThrasher/Results/EyeWitness/foodpanda.com/source/http.asia-vpc-front-lb.foodpanda.com..txt
http,80,lb-gateway-prod-my.foodpanda.com,Successful,/root/Desktop/linkThrasher/Results/EyeWitness/foodpanda.com/screens/http.lb-gateway-prod-my.foodpanda.com..png,/root/Desktop/linkThrasher/Results/EyeWitness/foodpanda.com/source/http.lb-gateway-prod-my.foodpanda.com..txt
http,80,files.foodpanda.com,Successful,/root/Desktop/linkThrasher/Results/EyeWitness/foodpanda.com/screens/http.files.foodpanda.com..png,/root/Desktop/linkThrasher/Results/EyeWitness/foodpanda.com/source/http.files.foodpanda.com..txt
http,80,europe-public.foodpanda.com,Successful,/root/Desktop/linkThrasher/Results/EyeWitness/foodpanda.com/screens/http.europe-public.foodpanda.com..png,/root/Desktop/linkThrasher/Results/EyeWitness/foodpanda.com/source/http.europe-public.foodpanda.com..txt
http,80,view.apac.foodpanda.com,Successful,/root/Desktop/linkThrasher/Results/EyeWitness/foodpanda.com/screens/http.view.cee.foodpanda.com..png,/root/Desktop/linkThrasher/Results/EyeWitness/foodpanda.com/source/http.view.apac.foodpanda.com..txt
http,80,pages.sea.foodpanda.com,Successful,/root/Desktop/linkThrasher/Results/EyeWitness/foodpanda.com/screens/http.pages.sea.foodpanda.com..png,/root/Desktop/linkThrasher/Results/EyeWitness/foodpanda.com/source/http.pages.sea.foodpanda.com..txt
http,80,click.sea.foodpanda.com,Successful,/root/Desktop/linkThrasher/Results/EyeWitness/foodpanda.com/screens/http.click.sea.foodpanda.com..png,/root/Desktop/linkThrasher/Results/EyeWitness/foodpanda.com/source/http.click.sea.foodpanda.com..txt
http,80,image.cee.foodpanda.com,Successful,/root/Desktop/linkThrasher/Results/EyeWitness/foodpanda.com/screens/http.image.cee.foodpanda.com..png,/root/Desktop/linkThrasher/Results/EyeWitness/foodpanda.com/source/http.image.cee.foodpanda.com..txt
http,80,api.foodpanda.com,Successful,/root/Desktop/linkThrasher/Results/EyeWitness/foodpanda.com/screens/http.api.foodpanda.com..png,/root/Desktop/linkThrasher/Results/EyeWitness/foodpanda.com/source/http.api.foodpanda.com..txt
http,80,to.foodpanda.com,Successful,/root/Desktop/linkThrasher/Results/EyeWitness/foodpanda.com/screens/http.to.foodpanda.com..png,/root/Desktop/linkThrasher/Results/EyeWitness/foodpanda.com/source/http.to.foodpanda.com..txt
http,80,info.foodpanda.com,Successful,/root/Desktop/linkThrasher/Results/EyeWitness/foodpanda.com/screens/http.procurement.foodpanda.com..png,/root/Desktop/linkThrasher/Results/EyeWitness/foodpanda.com/source/http.info.foodpanda.com..txt
http,80,euvolo-vpc-imageservice-lb.foodpanda.com,Successful,/root/Desktop/linkThrasher/Results/EyeWitness/foodpanda.com/screens/http.euvolo-vpc-imageservice-lb.foodpanda.com..png,/root/Desktop/linkThrasher/Results/EyeWitness/foodpanda.com/source/http.euvolo-vpc-imageservice-lb.foodpanda.com..txt
http,80,ablink.ssu.foodpanda.com,Successful,/root/Desktop/linkThrasher/Results/EyeWitness/foodpanda.com/screens/http.ablink.pandamart.foodpanda.com..png,/root/Desktop/linkThrasher/Results/EyeWitness/foodpanda.com/source/http.ablink.ssu.foodpanda.com..txt
http,80,view.cee.foodpanda.com,Successful,/root/Desktop/linkThrasher/Results/EyeWitness/foodpanda.com/screens/http.view.cee.foodpanda.com..png,/root/Desktop/linkThrasher/Results/EyeWitness/foodpanda.com/source/http.view.cee.foodpanda.com..txt
http,80,track.foodpanda.com,Successful,/root/Desktop/linkThrasher/Results/EyeWitness/foodpanda.com/screens/http.track.foodpanda.com..png,/root/Desktop/linkThrasher/Results/EyeWitness/foodpanda.com/source/http.track.foodpanda.com..txt
http,80,asia-vpc-back-lb.foodpanda.com,Successful,/root/Desktop/linkThrasher/Results/EyeWitness/foodpanda.com/screens/http.asia-vpc-back-lb.foodpanda.com..png,/root/Desktop/linkThrasher/Results/EyeWitness/foodpanda.com/source/http.asia-vpc-back-lb.foodpanda.com..txt
http,80,image.sea.foodpanda.com,Successful,/root/Desktop/linkThrasher/Results/EyeWitness/foodpanda.com/screens/http.image.sea.foodpanda.com..png,/root/Desktop/linkThrasher/Results/EyeWitness/foodpanda.com/source/http.image.sea.foodpanda.com..txt
http,80,restaurant-desktop.foodpanda.com,Successful,/root/Desktop/linkThrasher/Results/EyeWitness/foodpanda.com/screens/http.restaurant-desktop.foodpanda.com..png,/root/Desktop/linkThrasher/Results/EyeWitness/foodpanda.com/source/http.restaurant-desktop.foodpanda.com..txt
http,80,procurement.foodpanda.com,Successful,/root/Desktop/linkThrasher/Results/EyeWitness/foodpanda.com/screens/http.procurement.foodpanda.com..png,/root/Desktop/linkThrasher/Results/EyeWitness/foodpanda.com/source/http.procurement.foodpanda.com..txt