Protocol,Port,Domain,Request Status,Screenshot Path, Source Path
http,80,prod-schemaregistry-data.moonpaycloud.com,Successful,/root/Desktop/linkThrasher/Results/EyeWitness/moonpaycloud.com/screens/http.prod-schemaregistry-data.moonpaycloud.com..png,/root/Desktop/linkThrasher/Results/EyeWitness/moonpaycloud.com/source/http.prod-schemaregistry-data.moonpaycloud.com..txt
http,80,dev-kafkaconnect-data.moonpaycloud.com,Successful,/root/Desktop/linkThrasher/Results/EyeWitness/moonpaycloud.com/screens/http.dev-kafkaconnect-data.moonpaycloud.com..png,/root/Desktop/linkThrasher/Results/EyeWitness/moonpaycloud.com/source/http.dev-kafkaconnect-data.moonpaycloud.com..txt
http,80,ui-kit.moonpaycloud.com,Successful,/root/Desktop/linkThrasher/Results/EyeWitness/moonpaycloud.com/screens/http.email-templates.moonpaycloud.com..png,/root/Desktop/linkThrasher/Results/EyeWitness/moonpaycloud.com/source/http.ui-kit.moonpaycloud.com..txt
http,80,email-templates.moonpaycloud.com,Successful,/root/Desktop/linkThrasher/Results/EyeWitness/moonpaycloud.com/screens/http.email-templates.moonpaycloud.com..png,/root/Desktop/linkThrasher/Results/EyeWitness/moonpaycloud.com/source/http.email-templates.moonpaycloud.com..txt
http,80,tmp-nft-partner-api.moonpaycloud.com,Successful,/root/Desktop/linkThrasher/Results/EyeWitness/moonpaycloud.com/screens/http.tmp-nft-partner-api.moonpaycloud.com..png,/root/Desktop/linkThrasher/Results/EyeWitness/moonpaycloud.com/source/http.tmp-nft-partner-api.moonpaycloud.com..txt
http,80,dev-schemaregistry-data.moonpaycloud.com,Successful,/root/Desktop/linkThrasher/Results/EyeWitness/moonpaycloud.com/screens/http.prod-schemaregistry-data.moonpaycloud.com..png,/root/Desktop/linkThrasher/Results/EyeWitness/moonpaycloud.com/source/http.dev-schemaregistry-data.moonpaycloud.com..txt
http,80,prod-kafkaconnect-data.moonpaycloud.com,Successful,/root/Desktop/linkThrasher/Results/EyeWitness/moonpaycloud.com/screens/http.dev-kafkaconnect-data.moonpaycloud.com..png,/root/Desktop/linkThrasher/Results/EyeWitness/moonpaycloud.com/source/http.prod-kafkaconnect-data.moonpaycloud.com..txt
http,80,taskforce.moonpaycloud.com,Successful,/root/Desktop/linkThrasher/Results/EyeWitness/moonpaycloud.com/screens/http.email-templates.moonpaycloud.com..png,/root/Desktop/linkThrasher/Results/EyeWitness/moonpaycloud.com/source/http.taskforce.moonpaycloud.com..txt