URL,80
http://adfs.aa.com/,X,
http://globalsales.aa.com/,X,
http://earnmoremiles.aa.com/,X,
http://gsa.aa.com/,X,
http://globalstage.aa.com/,X,
http://mercury-stg1.aa.com/,X,
http://get-beta.stage.aa.com/,X,
http://ptts-admin-dev.aa.com/,X,
http://aps.aa.com/,X,
http://amps.aa.com/,X,
http://packages2.aa.com/,X,
http://csubl-dev.aa.com/,X,
http://ids.aa.com/,X,
http://technologyservices.aa.com/,X,
http://bh.aa.com/,X,
http://api.fly.aa.com/,X,
http://hr.jetnet.aa.com/,X,
http://cka85.aa.com/,X,
http://compensation.stage.aa.com/,X,
http://setool.aa.com/,X,
http://marketdata.aa.com/,X,
http://rfdb-stg.aa.com/,X,
http://grafana.aa.com/,X,
http://www.qa.aa.com/,X,
http://i.r.ms.aa.com/,X,
http://resagent.aa.com/,X,
http://images.aa.com/,X,
http://crewcompensation.stage.aa.com/,X,
http://mctapp-api-stage.aa.com/,X,
http://alerts.aa.com/,X,