URL,80
http://agent.johnhancockinsurance.com/,X,
http://partner.johnhancockinsurance.com/,X,
http://stg.rewardslife.johnhancockinsurance.com/,X,
http://apps-test.johnhancockinsurance.com/,X,
http://go.johnhancockinsurance.com/,X,
http://stg.johnhancockinsurance.com/,X,
http://ltcconnect.johnhancockinsurance.com/,X,
http://sales2.johnhancockinsurance.com/,X,
http://sales-tst-tmp.johnhancockinsurance.com/,X,
http://expresstrack.johnhancockinsurance.com/,X,
http://www.johnhancockinsurance.com/,X,
http://sales.johnhancockinsurance.com/,X,
http://programs.johnhancockinsurance.com/,X,
http://instant-apply.johnhancockinsurance.com/,X,
http://johnhancockinsurance.com/,X,
http://sales-stg-tmp.johnhancockinsurance.com/,X,
http://ltcprovider.johnhancockinsurance.com/,X,
http://agent-stg.johnhancockinsurance.com/,X,
http://advisor.johnhancockinsurance.com/,X,
http://secure.johnhancockinsurance.com/,X,
http://apps.johnhancockinsurance.com/,X,
http://apps-stage.johnhancockinsurance.com/,X,
http://jhrewardslife.johnhancockinsurance.com/,X,
http://advisor-stg-tmp.johnhancockinsurance.com/,X,
http://fuw-apply.johnhancockinsurance.com/,X,