Protocol,Port,Domain,Request Status,Screenshot Path, Source Path
http,80,agent.johnhancockinsurance.com,Timeout,/root/Desktop/linkThrasher/Results/EyeWitness/johnhancockinsurance.com/screens/http.agent.johnhancockinsurance.com..png,/root/Desktop/linkThrasher/Results/EyeWitness/johnhancockinsurance.com/source/http.agent.johnhancockinsurance.com..txt
http,80,partner.johnhancockinsurance.com,Successful,/root/Desktop/linkThrasher/Results/EyeWitness/johnhancockinsurance.com/screens/http.partner.johnhancockinsurance.com..png,/root/Desktop/linkThrasher/Results/EyeWitness/johnhancockinsurance.com/source/http.partner.johnhancockinsurance.com..txt
http,80,stg.rewardslife.johnhancockinsurance.com,Successful,/root/Desktop/linkThrasher/Results/EyeWitness/johnhancockinsurance.com/screens/http.stg.rewardslife.johnhancockinsurance.com..png,/root/Desktop/linkThrasher/Results/EyeWitness/johnhancockinsurance.com/source/http.stg.rewardslife.johnhancockinsurance.com..txt
http,80,apps-test.johnhancockinsurance.com,Timeout,/root/Desktop/linkThrasher/Results/EyeWitness/johnhancockinsurance.com/screens/http.apps-test.johnhancockinsurance.com..png,/root/Desktop/linkThrasher/Results/EyeWitness/johnhancockinsurance.com/source/http.apps-test.johnhancockinsurance.com..txt
http,80,go.johnhancockinsurance.com,Successful,/root/Desktop/linkThrasher/Results/EyeWitness/johnhancockinsurance.com/screens/http.go.johnhancockinsurance.com..png,/root/Desktop/linkThrasher/Results/EyeWitness/johnhancockinsurance.com/source/http.go.johnhancockinsurance.com..txt
http,80,stg.johnhancockinsurance.com,Successful,/root/Desktop/linkThrasher/Results/EyeWitness/johnhancockinsurance.com/screens/http.stg.johnhancockinsurance.com..png,/root/Desktop/linkThrasher/Results/EyeWitness/johnhancockinsurance.com/source/http.stg.johnhancockinsurance.com..txt
http,80,ltcconnect.johnhancockinsurance.com,Successful,/root/Desktop/linkThrasher/Results/EyeWitness/johnhancockinsurance.com/screens/http.sales.johnhancockinsurance.com..png,/root/Desktop/linkThrasher/Results/EyeWitness/johnhancockinsurance.com/source/http.ltcconnect.johnhancockinsurance.com..txt
http,80,sales2.johnhancockinsurance.com,Successful,/root/Desktop/linkThrasher/Results/EyeWitness/johnhancockinsurance.com/screens/http.sales.johnhancockinsurance.com..png,/root/Desktop/linkThrasher/Results/EyeWitness/johnhancockinsurance.com/source/http.sales2.johnhancockinsurance.com..txt
http,80,sales-tst-tmp.johnhancockinsurance.com,Successful,/root/Desktop/linkThrasher/Results/EyeWitness/johnhancockinsurance.com/screens/http.sales-tst-tmp.johnhancockinsurance.com..png,/root/Desktop/linkThrasher/Results/EyeWitness/johnhancockinsurance.com/source/http.sales-tst-tmp.johnhancockinsurance.com..txt
http,80,expresstrack.johnhancockinsurance.com,Successful,/root/Desktop/linkThrasher/Results/EyeWitness/johnhancockinsurance.com/screens/http.expresstrack.johnhancockinsurance.com..png,/root/Desktop/linkThrasher/Results/EyeWitness/johnhancockinsurance.com/source/http.expresstrack.johnhancockinsurance.com..txt
http,80,www.johnhancockinsurance.com,Timeout,/root/Desktop/linkThrasher/Results/EyeWitness/johnhancockinsurance.com/screens/http.www.johnhancockinsurance.com..png,/root/Desktop/linkThrasher/Results/EyeWitness/johnhancockinsurance.com/source/http.www.johnhancockinsurance.com..txt
http,80,sales.johnhancockinsurance.com,Successful,/root/Desktop/linkThrasher/Results/EyeWitness/johnhancockinsurance.com/screens/http.sales.johnhancockinsurance.com..png,/root/Desktop/linkThrasher/Results/EyeWitness/johnhancockinsurance.com/source/http.sales.johnhancockinsurance.com..txt
http,80,programs.johnhancockinsurance.com,Timeout,/root/Desktop/linkThrasher/Results/EyeWitness/johnhancockinsurance.com/screens/http.programs.johnhancockinsurance.com..png,/root/Desktop/linkThrasher/Results/EyeWitness/johnhancockinsurance.com/source/http.programs.johnhancockinsurance.com..txt
http,80,instant-apply.johnhancockinsurance.com,Timeout,/root/Desktop/linkThrasher/Results/EyeWitness/johnhancockinsurance.com/screens/http.instant-apply.johnhancockinsurance.com..png,/root/Desktop/linkThrasher/Results/EyeWitness/johnhancockinsurance.com/source/http.instant-apply.johnhancockinsurance.com..txt
http,80,johnhancockinsurance.com,Timeout,/root/Desktop/linkThrasher/Results/EyeWitness/johnhancockinsurance.com/screens/http.johnhancockinsurance.com..png,/root/Desktop/linkThrasher/Results/EyeWitness/johnhancockinsurance.com/source/http.johnhancockinsurance.com..txt
http,80,sales-stg-tmp.johnhancockinsurance.com,Successful,/root/Desktop/linkThrasher/Results/EyeWitness/johnhancockinsurance.com/screens/http.sales-stg-tmp.johnhancockinsurance.com..png,/root/Desktop/linkThrasher/Results/EyeWitness/johnhancockinsurance.com/source/http.sales-stg-tmp.johnhancockinsurance.com..txt
http,80,ltcprovider.johnhancockinsurance.com,Successful,/root/Desktop/linkThrasher/Results/EyeWitness/johnhancockinsurance.com/screens/http.sales.johnhancockinsurance.com..png,/root/Desktop/linkThrasher/Results/EyeWitness/johnhancockinsurance.com/source/http.ltcprovider.johnhancockinsurance.com..txt
http,80,agent-stg.johnhancockinsurance.com,Timeout,/root/Desktop/linkThrasher/Results/EyeWitness/johnhancockinsurance.com/screens/http.agent-stg.johnhancockinsurance.com..png,/root/Desktop/linkThrasher/Results/EyeWitness/johnhancockinsurance.com/source/http.agent-stg.johnhancockinsurance.com..txt
http,80,advisor.johnhancockinsurance.com,Timeout,/root/Desktop/linkThrasher/Results/EyeWitness/johnhancockinsurance.com/screens/http.advisor.johnhancockinsurance.com..png,/root/Desktop/linkThrasher/Results/EyeWitness/johnhancockinsurance.com/source/http.advisor.johnhancockinsurance.com..txt
http,80,secure.johnhancockinsurance.com,Timeout,/root/Desktop/linkThrasher/Results/EyeWitness/johnhancockinsurance.com/screens/http.secure.johnhancockinsurance.com..png,/root/Desktop/linkThrasher/Results/EyeWitness/johnhancockinsurance.com/source/http.secure.johnhancockinsurance.com..txt
http,80,apps.johnhancockinsurance.com,Timeout,/root/Desktop/linkThrasher/Results/EyeWitness/johnhancockinsurance.com/screens/http.apps.johnhancockinsurance.com..png,/root/Desktop/linkThrasher/Results/EyeWitness/johnhancockinsurance.com/source/http.apps.johnhancockinsurance.com..txt
http,80,apps-stage.johnhancockinsurance.com,Timeout,/root/Desktop/linkThrasher/Results/EyeWitness/johnhancockinsurance.com/screens/http.apps-stage.johnhancockinsurance.com..png,/root/Desktop/linkThrasher/Results/EyeWitness/johnhancockinsurance.com/source/http.apps-stage.johnhancockinsurance.com..txt
http,80,jhrewardslife.johnhancockinsurance.com,Successful,/root/Desktop/linkThrasher/Results/EyeWitness/johnhancockinsurance.com/screens/http.jhrewardslife.johnhancockinsurance.com..png,/root/Desktop/linkThrasher/Results/EyeWitness/johnhancockinsurance.com/source/http.jhrewardslife.johnhancockinsurance.com..txt
http,80,advisor-stg-tmp.johnhancockinsurance.com,Successful,/root/Desktop/linkThrasher/Results/EyeWitness/johnhancockinsurance.com/screens/http.advisor-stg-tmp.johnhancockinsurance.com..png,/root/Desktop/linkThrasher/Results/EyeWitness/johnhancockinsurance.com/source/http.advisor-stg-tmp.johnhancockinsurance.com..txt
http,80,fuw-apply.johnhancockinsurance.com,Successful,/root/Desktop/linkThrasher/Results/EyeWitness/johnhancockinsurance.com/screens/http.fuw-apply.johnhancockinsurance.com..png,/root/Desktop/linkThrasher/Results/EyeWitness/johnhancockinsurance.com/source/http.fuw-apply.johnhancockinsurance.com..txt