Protocol,Port,Domain,Request Status,Screenshot Path, Source Path
http,80,sit.igoinsured.com,Successful,/root/Desktop/linkThrasher/Results/EyeWitness/igoinsured.com/screens/http.sit.igoinsured.com..png,/root/Desktop/linkThrasher/Results/EyeWitness/igoinsured.com/source/http.sit.igoinsured.com..txt
http,80,www.igoinsured.com,Successful,/root/Desktop/linkThrasher/Results/EyeWitness/igoinsured.com/screens/http.igoinsured.com..png,/root/Desktop/linkThrasher/Results/EyeWitness/igoinsured.com/source/http.www.igoinsured.com..txt
http,80,sit3.igoinsured.com,Successful,/root/Desktop/linkThrasher/Results/EyeWitness/igoinsured.com/screens/http.sit3.igoinsured.com..png,/root/Desktop/linkThrasher/Results/EyeWitness/igoinsured.com/source/http.sit3.igoinsured.com..txt
http,80,uat.igoinsured.com,Successful,/root/Desktop/linkThrasher/Results/EyeWitness/igoinsured.com/screens/http.igoinsured.com..png,/root/Desktop/linkThrasher/Results/EyeWitness/igoinsured.com/source/http.uat.igoinsured.com..txt
http,80,sit2.igoinsured.com,Successful,/root/Desktop/linkThrasher/Results/EyeWitness/igoinsured.com/screens/http.sit3.igoinsured.com..png,/root/Desktop/linkThrasher/Results/EyeWitness/igoinsured.com/source/http.sit2.igoinsured.com..txt
http,80,igoinsured.com,Successful,/root/Desktop/linkThrasher/Results/EyeWitness/igoinsured.com/screens/http.igoinsured.com..png,/root/Desktop/linkThrasher/Results/EyeWitness/igoinsured.com/source/http.igoinsured.com..txt