URL,80
http://ablink.rider.damejidlo.cz/,X,
http://corporate-st.damejidlo.cz/,X,
http://www.damejidlo.cz/,X,
http://sadek.damejidlo.cz/,X,
http://homolka.damejidlo.cz/,X,
http://info.damejidlo.cz/,X,
http://dj-test.damejidlo.cz/,X,
http://honzalilak.damejidlo.cz/,X,
http://url9859.info.damejidlo.cz/,X,
http://press.damejidlo.cz/,X,
http://vahala.damejidlo.cz/,X,
http://email.riders.damejidlo.cz/,X,
http://apidev2.damejidlo.cz/,X,
http://www-new-st.damejidlo.cz/,X,
http://ozraly-vue.damejidlo.cz/,X,
http://www-testing.damejidlo.cz/,X,
http://kibana-staging.damejidlo.cz/,X,
http://link.em.damejidlo.cz/,X,
http://blog.damejidlo.cz/,X,
http://wiki.damejidlo.cz/,X,
http://email.mailgun.damejidlo.cz/,X,
http://vue.damejidlo.cz/,X,
http://cargo-dev.damejidlo.cz/,X,
http://bajnok.damejidlo.cz/,X,
http://portal.damejidlo.cz/,X,
http://corporate.damejidlo.cz/,X,
http://dj-kube-prod.damejidlo.cz/,X,
http://apidev.damejidlo.cz/,X,
http://terms.damejidlo.cz/,X,
http://dev.damejidlo.cz/,X,
http://kuryr.damejidlo.cz/,X,
http://damejidlo.cz/,X,
http://staging.damejidlo.cz/,X,
http://kibana.damejidlo.cz/,X,
http://ablink.info.damejidlo.cz/,X,
http://to.damejidlo.cz/,X,
http://links.damejidlo.cz/,X,
http://corporate-new.damejidlo.cz/,X,
http://corporate-new-st.damejidlo.cz/,X,
http://www-new-testing.damejidlo.cz/,X,
http://url4915.mail.damejidlo.cz/,X,
http://dj-kube-playground.damejidlo.cz/,X,
http://www.info.damejidlo.cz/,X,
http://legendik.damejidlo.cz/,X,
http://intranet-new.damejidlo.cz/,X,
http://www.kuryr.damejidlo.cz/,X,
http://www-new.damejidlo.cz/,X,
http://intranet.damejidlo.cz/,X,
http://hub.damejidlo.cz/,X,
http://www.join.damejidlo.cz/,X,
http://cargo.damejidlo.cz/,X,
http://join.damejidlo.cz/,X,
http://www-st.damejidlo.cz/,X,