Protocol,Port,Domain,Request Status,Screenshot Path, Source Path
http,80,ablink.rider.damejidlo.cz,Successful,/root/Desktop/linkThrasher/Results/EyeWitness/damejidlo.cz/screens/http.ablink.rider.damejidlo.cz..png,/root/Desktop/linkThrasher/Results/EyeWitness/damejidlo.cz/source/http.ablink.rider.damejidlo.cz..txt
http,80,corporate-st.damejidlo.cz,Successful,/root/Desktop/linkThrasher/Results/EyeWitness/damejidlo.cz/screens/http.corporate-st.damejidlo.cz..png,/root/Desktop/linkThrasher/Results/EyeWitness/damejidlo.cz/source/http.corporate-st.damejidlo.cz..txt
http,80,www.damejidlo.cz,Successful,/root/Desktop/linkThrasher/Results/EyeWitness/damejidlo.cz/screens/http.www.damejidlo.cz..png,/root/Desktop/linkThrasher/Results/EyeWitness/damejidlo.cz/source/http.www.damejidlo.cz..txt
http,80,sadek.damejidlo.cz,Successful,/root/Desktop/linkThrasher/Results/EyeWitness/damejidlo.cz/screens/http.sadek.damejidlo.cz..png,/root/Desktop/linkThrasher/Results/EyeWitness/damejidlo.cz/source/http.sadek.damejidlo.cz..txt
http,80,homolka.damejidlo.cz,Successful,/root/Desktop/linkThrasher/Results/EyeWitness/damejidlo.cz/screens/http.homolka.damejidlo.cz..png,/root/Desktop/linkThrasher/Results/EyeWitness/damejidlo.cz/source/http.homolka.damejidlo.cz..txt
http,80,info.damejidlo.cz,Successful,/root/Desktop/linkThrasher/Results/EyeWitness/damejidlo.cz/screens/http.info.damejidlo.cz..png,/root/Desktop/linkThrasher/Results/EyeWitness/damejidlo.cz/source/http.info.damejidlo.cz..txt
http,80,dj-test.damejidlo.cz,Successful,/root/Desktop/linkThrasher/Results/EyeWitness/damejidlo.cz/screens/http.dj-test.damejidlo.cz..png,/root/Desktop/linkThrasher/Results/EyeWitness/damejidlo.cz/source/http.dj-test.damejidlo.cz..txt
http,80,honzalilak.damejidlo.cz,Successful,/root/Desktop/linkThrasher/Results/EyeWitness/damejidlo.cz/screens/http.honzalilak.damejidlo.cz..png,/root/Desktop/linkThrasher/Results/EyeWitness/damejidlo.cz/source/http.honzalilak.damejidlo.cz..txt
http,80,url9859.info.damejidlo.cz,Successful,/root/Desktop/linkThrasher/Results/EyeWitness/damejidlo.cz/screens/http.url9859.info.damejidlo.cz..png,/root/Desktop/linkThrasher/Results/EyeWitness/damejidlo.cz/source/http.url9859.info.damejidlo.cz..txt
http,80,press.damejidlo.cz,Successful,/root/Desktop/linkThrasher/Results/EyeWitness/damejidlo.cz/screens/http.press.damejidlo.cz..png,/root/Desktop/linkThrasher/Results/EyeWitness/damejidlo.cz/source/http.press.damejidlo.cz..txt
http,80,vahala.damejidlo.cz,Successful,/root/Desktop/linkThrasher/Results/EyeWitness/damejidlo.cz/screens/http.vahala.damejidlo.cz..png,/root/Desktop/linkThrasher/Results/EyeWitness/damejidlo.cz/source/http.vahala.damejidlo.cz..txt
http,80,email.riders.damejidlo.cz,Successful,/root/Desktop/linkThrasher/Results/EyeWitness/damejidlo.cz/screens/http.email.mailgun.damejidlo.cz..png,/root/Desktop/linkThrasher/Results/EyeWitness/damejidlo.cz/source/http.email.riders.damejidlo.cz..txt
http,80,apidev2.damejidlo.cz,Successful,/root/Desktop/linkThrasher/Results/EyeWitness/damejidlo.cz/screens/http.apidev2.damejidlo.cz..png,/root/Desktop/linkThrasher/Results/EyeWitness/damejidlo.cz/source/http.apidev2.damejidlo.cz..txt
http,80,www-new-st.damejidlo.cz,Successful,/root/Desktop/linkThrasher/Results/EyeWitness/damejidlo.cz/screens/http.www-new-st.damejidlo.cz..png,/root/Desktop/linkThrasher/Results/EyeWitness/damejidlo.cz/source/http.www-new-st.damejidlo.cz..txt
http,80,ozraly-vue.damejidlo.cz,Successful,/root/Desktop/linkThrasher/Results/EyeWitness/damejidlo.cz/screens/http.ozraly-vue.damejidlo.cz..png,/root/Desktop/linkThrasher/Results/EyeWitness/damejidlo.cz/source/http.ozraly-vue.damejidlo.cz..txt
http,80,www-testing.damejidlo.cz,Successful,/root/Desktop/linkThrasher/Results/EyeWitness/damejidlo.cz/screens/http.www-testing.damejidlo.cz..png,/root/Desktop/linkThrasher/Results/EyeWitness/damejidlo.cz/source/http.www-testing.damejidlo.cz..txt
http,80,kibana-staging.damejidlo.cz,Successful,/root/Desktop/linkThrasher/Results/EyeWitness/damejidlo.cz/screens/http.kibana-staging.damejidlo.cz..png,/root/Desktop/linkThrasher/Results/EyeWitness/damejidlo.cz/source/http.kibana-staging.damejidlo.cz..txt
http,80,link.em.damejidlo.cz,Successful,/root/Desktop/linkThrasher/Results/EyeWitness/damejidlo.cz/screens/http.link.em.damejidlo.cz..png,/root/Desktop/linkThrasher/Results/EyeWitness/damejidlo.cz/source/http.link.em.damejidlo.cz..txt
http,80,blog.damejidlo.cz,Successful,/root/Desktop/linkThrasher/Results/EyeWitness/damejidlo.cz/screens/http.blog.damejidlo.cz..png,/root/Desktop/linkThrasher/Results/EyeWitness/damejidlo.cz/source/http.blog.damejidlo.cz..txt
http,80,wiki.damejidlo.cz,Successful,/root/Desktop/linkThrasher/Results/EyeWitness/damejidlo.cz/screens/http.wiki.damejidlo.cz..png,/root/Desktop/linkThrasher/Results/EyeWitness/damejidlo.cz/source/http.wiki.damejidlo.cz..txt
http,80,email.mailgun.damejidlo.cz,Successful,/root/Desktop/linkThrasher/Results/EyeWitness/damejidlo.cz/screens/http.email.mailgun.damejidlo.cz..png,/root/Desktop/linkThrasher/Results/EyeWitness/damejidlo.cz/source/http.email.mailgun.damejidlo.cz..txt
http,80,vue.damejidlo.cz,Successful,/root/Desktop/linkThrasher/Results/EyeWitness/damejidlo.cz/screens/http.vue.damejidlo.cz..png,/root/Desktop/linkThrasher/Results/EyeWitness/damejidlo.cz/source/http.vue.damejidlo.cz..txt
http,80,cargo-dev.damejidlo.cz,Successful,/root/Desktop/linkThrasher/Results/EyeWitness/damejidlo.cz/screens/http.cargo-dev.damejidlo.cz..png,/root/Desktop/linkThrasher/Results/EyeWitness/damejidlo.cz/source/http.cargo-dev.damejidlo.cz..txt
http,80,bajnok.damejidlo.cz,Successful,/root/Desktop/linkThrasher/Results/EyeWitness/damejidlo.cz/screens/http.bajnok.damejidlo.cz..png,/root/Desktop/linkThrasher/Results/EyeWitness/damejidlo.cz/source/http.bajnok.damejidlo.cz..txt
http,80,portal.damejidlo.cz,Successful,/root/Desktop/linkThrasher/Results/EyeWitness/damejidlo.cz/screens/http.portal.damejidlo.cz..png,/root/Desktop/linkThrasher/Results/EyeWitness/damejidlo.cz/source/http.portal.damejidlo.cz..txt
http,80,corporate.damejidlo.cz,Successful,/root/Desktop/linkThrasher/Results/EyeWitness/damejidlo.cz/screens/http.corporate.damejidlo.cz..png,/root/Desktop/linkThrasher/Results/EyeWitness/damejidlo.cz/source/http.corporate.damejidlo.cz..txt
http,80,dj-kube-prod.damejidlo.cz,Successful,/root/Desktop/linkThrasher/Results/EyeWitness/damejidlo.cz/screens/http.dj-kube-prod.damejidlo.cz..png,/root/Desktop/linkThrasher/Results/EyeWitness/damejidlo.cz/source/http.dj-kube-prod.damejidlo.cz..txt
http,80,apidev.damejidlo.cz,Successful,/root/Desktop/linkThrasher/Results/EyeWitness/damejidlo.cz/screens/http.apidev.damejidlo.cz..png,/root/Desktop/linkThrasher/Results/EyeWitness/damejidlo.cz/source/http.apidev.damejidlo.cz..txt
http,80,terms.damejidlo.cz,Successful,/root/Desktop/linkThrasher/Results/EyeWitness/damejidlo.cz/screens/http.terms.damejidlo.cz..png,/root/Desktop/linkThrasher/Results/EyeWitness/damejidlo.cz/source/http.terms.damejidlo.cz..txt
http,80,dev.damejidlo.cz,Successful,/root/Desktop/linkThrasher/Results/EyeWitness/damejidlo.cz/screens/http.dev.damejidlo.cz..png,/root/Desktop/linkThrasher/Results/EyeWitness/damejidlo.cz/source/http.dev.damejidlo.cz..txt
http,80,kuryr.damejidlo.cz,Successful,/root/Desktop/linkThrasher/Results/EyeWitness/damejidlo.cz/screens/http.kuryr.damejidlo.cz..png,/root/Desktop/linkThrasher/Results/EyeWitness/damejidlo.cz/source/http.kuryr.damejidlo.cz..txt
http,80,damejidlo.cz,Timeout,/root/Desktop/linkThrasher/Results/EyeWitness/damejidlo.cz/screens/http.damejidlo.cz..png,/root/Desktop/linkThrasher/Results/EyeWitness/damejidlo.cz/source/http.damejidlo.cz..txt
http,80,staging.damejidlo.cz,Successful,/root/Desktop/linkThrasher/Results/EyeWitness/damejidlo.cz/screens/http.staging.damejidlo.cz..png,/root/Desktop/linkThrasher/Results/EyeWitness/damejidlo.cz/source/http.staging.damejidlo.cz..txt
http,80,kibana.damejidlo.cz,Successful,/root/Desktop/linkThrasher/Results/EyeWitness/damejidlo.cz/screens/http.kibana.damejidlo.cz..png,/root/Desktop/linkThrasher/Results/EyeWitness/damejidlo.cz/source/http.kibana.damejidlo.cz..txt
http,80,ablink.info.damejidlo.cz,Successful,/root/Desktop/linkThrasher/Results/EyeWitness/damejidlo.cz/screens/http.url9859.info.damejidlo.cz..png,/root/Desktop/linkThrasher/Results/EyeWitness/damejidlo.cz/source/http.ablink.info.damejidlo.cz..txt
http,80,to.damejidlo.cz,Successful,/root/Desktop/linkThrasher/Results/EyeWitness/damejidlo.cz/screens/http.to.damejidlo.cz..png,/root/Desktop/linkThrasher/Results/EyeWitness/damejidlo.cz/source/http.to.damejidlo.cz..txt
http,80,corporate-new.damejidlo.cz,Successful,/root/Desktop/linkThrasher/Results/EyeWitness/damejidlo.cz/screens/http.corporate-new.damejidlo.cz..png,/root/Desktop/linkThrasher/Results/EyeWitness/damejidlo.cz/source/http.corporate-new.damejidlo.cz..txt
http,80,url4915.mail.damejidlo.cz,Successful,/root/Desktop/linkThrasher/Results/EyeWitness/damejidlo.cz/screens/http.url4915.mail.damejidlo.cz..png,/root/Desktop/linkThrasher/Results/EyeWitness/damejidlo.cz/source/http.url4915.mail.damejidlo.cz..txt
http,80,dj-kube-playground.damejidlo.cz,Successful,/root/Desktop/linkThrasher/Results/EyeWitness/damejidlo.cz/screens/http.dj-kube-playground.damejidlo.cz..png,/root/Desktop/linkThrasher/Results/EyeWitness/damejidlo.cz/source/http.dj-kube-playground.damejidlo.cz..txt
http,80,www.info.damejidlo.cz,Successful,/root/Desktop/linkThrasher/Results/EyeWitness/damejidlo.cz/screens/http.www.info.damejidlo.cz..png,/root/Desktop/linkThrasher/Results/EyeWitness/damejidlo.cz/source/http.www.info.damejidlo.cz..txt
http,80,legendik.damejidlo.cz,Successful,/root/Desktop/linkThrasher/Results/EyeWitness/damejidlo.cz/screens/http.legendik.damejidlo.cz..png,/root/Desktop/linkThrasher/Results/EyeWitness/damejidlo.cz/source/http.legendik.damejidlo.cz..txt
http,80,intranet-new.damejidlo.cz,Successful,/root/Desktop/linkThrasher/Results/EyeWitness/damejidlo.cz/screens/http.intranet-new.damejidlo.cz..png,/root/Desktop/linkThrasher/Results/EyeWitness/damejidlo.cz/source/http.intranet-new.damejidlo.cz..txt
http,80,www.kuryr.damejidlo.cz,Successful,/root/Desktop/linkThrasher/Results/EyeWitness/damejidlo.cz/screens/http.www.kuryr.damejidlo.cz..png,/root/Desktop/linkThrasher/Results/EyeWitness/damejidlo.cz/source/http.www.kuryr.damejidlo.cz..txt
http,80,www-new.damejidlo.cz,Successful,/root/Desktop/linkThrasher/Results/EyeWitness/damejidlo.cz/screens/http.www-new.damejidlo.cz..png,/root/Desktop/linkThrasher/Results/EyeWitness/damejidlo.cz/source/http.www-new.damejidlo.cz..txt
http,80,intranet.damejidlo.cz,Timeout,/root/Desktop/linkThrasher/Results/EyeWitness/damejidlo.cz/screens/http.intranet.damejidlo.cz..png,/root/Desktop/linkThrasher/Results/EyeWitness/damejidlo.cz/source/http.intranet.damejidlo.cz..txt
http,80,hub.damejidlo.cz,Timeout,/root/Desktop/linkThrasher/Results/EyeWitness/damejidlo.cz/screens/http.hub.damejidlo.cz..png,/root/Desktop/linkThrasher/Results/EyeWitness/damejidlo.cz/source/http.hub.damejidlo.cz..txt
http,80,www.join.damejidlo.cz,Timeout,/root/Desktop/linkThrasher/Results/EyeWitness/damejidlo.cz/screens/http.www.join.damejidlo.cz..png,/root/Desktop/linkThrasher/Results/EyeWitness/damejidlo.cz/source/http.www.join.damejidlo.cz..txt
http,80,cargo.damejidlo.cz,Successful,/root/Desktop/linkThrasher/Results/EyeWitness/damejidlo.cz/screens/http.cargo.damejidlo.cz..png,/root/Desktop/linkThrasher/Results/EyeWitness/damejidlo.cz/source/http.cargo.damejidlo.cz..txt
http,80,join.damejidlo.cz,Timeout,/root/Desktop/linkThrasher/Results/EyeWitness/damejidlo.cz/screens/http.join.damejidlo.cz..png,/root/Desktop/linkThrasher/Results/EyeWitness/damejidlo.cz/source/http.join.damejidlo.cz..txt
http,80,www-st.damejidlo.cz,Successful,/root/Desktop/linkThrasher/Results/EyeWitness/damejidlo.cz/screens/http.www-st.damejidlo.cz..png,/root/Desktop/linkThrasher/Results/EyeWitness/damejidlo.cz/source/http.www-st.damejidlo.cz..txt