Protocol,Port,Domain,Request Status,Screenshot Path, Source Path
http,80,mckesson.eu,Successful,/root/Desktop/linkThrasher/Results/EyeWitness/mckesson.eu/screens/http.mckesson.eu..png,/root/Desktop/linkThrasher/Results/EyeWitness/mckesson.eu/source/http.mckesson.eu..txt
http,80,sso.mckesson.eu,Successful,/root/Desktop/linkThrasher/Results/EyeWitness/mckesson.eu/screens/http.opr.mckesson.eu..png,/root/Desktop/linkThrasher/Results/EyeWitness/mckesson.eu/source/http.sso.mckesson.eu..txt
http,80,enterpriseenrollment.mckesson.eu,Successful,/root/Desktop/linkThrasher/Results/EyeWitness/mckesson.eu/screens/http.enterpriseenrollment.mckesson.eu..png,/root/Desktop/linkThrasher/Results/EyeWitness/mckesson.eu/source/http.enterpriseenrollment.mckesson.eu..txt
http,80,enterpriseregistration.mckesson.eu,Successful,/root/Desktop/linkThrasher/Results/EyeWitness/mckesson.eu/screens/http.enterpriseregistration.mckesson.eu..png,/root/Desktop/linkThrasher/Results/EyeWitness/mckesson.eu/source/http.enterpriseregistration.mckesson.eu..txt
http,80,webfilter.mckesson.eu,Successful,/root/Desktop/linkThrasher/Results/EyeWitness/mckesson.eu/screens/http.webfilter.mckesson.eu..png,/root/Desktop/linkThrasher/Results/EyeWitness/mckesson.eu/source/http.webfilter.mckesson.eu..txt
http,80,elearning-pilot.mckesson.eu,Successful,/root/Desktop/linkThrasher/Results/EyeWitness/mckesson.eu/screens/http.elearning-pilot.mckesson.eu..png,/root/Desktop/linkThrasher/Results/EyeWitness/mckesson.eu/source/http.elearning-pilot.mckesson.eu..txt
http,80,elearning.mckesson.eu,Successful,/root/Desktop/linkThrasher/Results/EyeWitness/mckesson.eu/screens/http.elearning-pilot.mckesson.eu..png,/root/Desktop/linkThrasher/Results/EyeWitness/mckesson.eu/source/http.elearning.mckesson.eu..txt
http,80,opr-it.mckesson.eu,Successful,/root/Desktop/linkThrasher/Results/EyeWitness/mckesson.eu/screens/http.opr.mckesson.eu..png,/root/Desktop/linkThrasher/Results/EyeWitness/mckesson.eu/source/http.opr-it.mckesson.eu..txt
http,80,autodiscover.mckesson.eu,Successful,/root/Desktop/linkThrasher/Results/EyeWitness/mckesson.eu/screens/http.autodiscover.mckesson.eu..png,/root/Desktop/linkThrasher/Results/EyeWitness/mckesson.eu/source/http.autodiscover.mckesson.eu..txt
http,80,jira.mckesson.eu,Successful,/root/Desktop/linkThrasher/Results/EyeWitness/mckesson.eu/screens/http.jira.mckesson.eu..png,/root/Desktop/linkThrasher/Results/EyeWitness/mckesson.eu/source/http.jira.mckesson.eu..txt
http,80,lyncdiscover.mckesson.eu,Successful,/root/Desktop/linkThrasher/Results/EyeWitness/mckesson.eu/screens/http.lyncdiscover.mckesson.eu..png,/root/Desktop/linkThrasher/Results/EyeWitness/mckesson.eu/source/http.lyncdiscover.mckesson.eu..txt
http,80,opr.mckesson.eu,Successful,/root/Desktop/linkThrasher/Results/EyeWitness/mckesson.eu/screens/http.opr.mckesson.eu..png,/root/Desktop/linkThrasher/Results/EyeWitness/mckesson.eu/source/http.opr.mckesson.eu..txt
http,80,saas.mckesson.eu,Successful,/root/Desktop/linkThrasher/Results/EyeWitness/mckesson.eu/screens/http.saas.mckesson.eu..png,/root/Desktop/linkThrasher/Results/EyeWitness/mckesson.eu/source/http.saas.mckesson.eu..txt
http,80,oprftp.mckesson.eu,Successful,/root/Desktop/linkThrasher/Results/EyeWitness/mckesson.eu/screens/http.opr.mckesson.eu..png,/root/Desktop/linkThrasher/Results/EyeWitness/mckesson.eu/source/http.oprftp.mckesson.eu..txt