URL,443
https://proconnect.intuit.com/community/forums/v4/forumtopicpage.kudosbuttonv2.kudoentity:kudoentity/kudosable-gid/143862?t:ac=board-id/203/thread-id/75644/message-id/75644&t:cp=\,X,
https://en.louisvuitton.com/eng-nl/men'/ready-to-wear/blazers-and-jackets/_/N-15fagy9?page=2,X,
https://proconnect.intuit.com/community/forums/v4/forumtopicpage.kudosbuttonv2.kudoentity:kudoentity/kudosable-gid/143862?t:ac=board-id/203/thread-id/75644/message-id/75644&t:cp=@(888*888),X,
https://proconnect.intuit.com/community/forums/v4/forumtopicpage.kudosbuttonv2.kudoentity:kudoentity/kudosable-gid/143862'?t:ac=board-id/203/thread-id/75644/message-id/75644&t:cp=kudos/contributions/tapletcontributionspage,X,
https://proconnect.intuit.com/community/forums/v4/forumtopicpage.kudosbuttonv2.kudoentity:kudoentity/kudosable-gid/143862?t:ac=board-id/203/thread-id/75644/message-id/75644&t:cp=kudos/contributions/tapletcontributionspage,X,
https://proconnect.intuit.com/community/forums/v4/forumtopicpage.kudosbuttonv2.kudoentity:kudoentity/kudosable-gid/143862?t:ac=board-id/203/thread-id/75644/message-id/75644&t:cp={{888*888}},X,
https://proconnect.intuit.com/community/forums/v4/forumtopicpage.kudosbuttonv2.kudoentity:kudoentity/kudosable-gid/143862?t:ac=board-id/203/thread-id/75644/message-id/75644&t:cp={888*888},X,