URL,80
http://hquistg.e-food.gr/,X,
http://aia.e-food.gr/,X,
http://prometheusgateway.e-food.gr/,X,
http://foodlabel.e-food.gr/,X,
http://nps.e-food.gr/,X,
http://hqstg.e-food.gr/,X,
http://privacyapi-test.e-food.gr/,X,
http://email.bimail.e-food.gr/,X,
http://foodlabelstg.e-food.gr/,X,
http://brookstg.e-food.gr/,X,
http://clientsapistg.e-food.gr/,X,
http://apiorder.e-food.gr/,X,
http://prometheus.e-food.gr/,X,
http://www.e-food.gr/,X,
http://api.e-food.gr/,X,
http://daltonsapistg.e-food.gr/,X,
http://email.newsletter.e-food.gr/,X,
http://sklstg.e-food.gr/,X,
http://portal.e-food.gr/,X,
http://hqassetsstg.e-food.gr/,X,
http://sales.e-food.gr/,X,
http://partners.e-food.gr/,X,
http://gf.e-food.gr/,X,
http://skl.e-food.gr/,X,
http://new-salesstg.e-food.gr/,X,
http://cc.e-food.gr/,X,
http://ops-portal.e-food.gr/,X,
http://jerome.e-food.gr/,X,
http://brookscdn.e-food.gr/,X,
http://api.stg.e-food.gr/,X,
http://email.salescontact.e-food.gr/,X,
http://staging-aia.e-food.gr/,X,
http://staging.e-food.gr/,X,
http://sonata.e-food.gr/,X,
http://payments.e-food.gr/,X,
http://clientsapiintstg.e-food.gr/,X,
http://brooks.e-food.gr/,X,
http://riders.e-food.gr/,X,
http://integrations.e-food.gr/,X,
http://daltons.e-food.gr/,X,
http://provassets.e-food.gr/,X,
http://finerstg.e-food.gr/,X,
http://devapipos.e-food.gr/,X,
http://link.e-food.gr/,X,
http://api-old.e-food.gr/,X,
http://salesclientsapi.e-food.gr/,X,
http://provisionerstg.e-food.gr/,X,
http://apistgrc.e-food.gr/,X,
http://ridersacademy.e-food.gr/,X,
http://posnew.e-food.gr/,X,
http://selfservicestg.e-food.gr/,X,
http://provisioninguiold.e-food.gr/,X,
http://apibeta.e-food.gr/,X,
http://provstgassets.e-food.gr/,X,
http://e-food.gr/,X,
http://provstgui.e-food.gr/,X,
http://csr.e-food.gr/,X,
http://mirrorstg.e-food.gr/,X,
http://paymentsstg.e-food.gr/,X,
http://salestg.e-food.gr/,X,
http://hub.e-food.gr/,X,
http://clientsapi.e-food.gr/,X,
http://clientsstg.e-food.gr/,X,
http://salesportalstg.e-food.gr/,X,