URL,443
https://api-preprod.marksandspencer.com,X,
https://discover.marksandspencer.com,X,
https://va.marksandspencer.com,X,
https://tracking.service.marksandspencer.com,X,
https://click.news.marksandspencer.com,X,
https://interactivemap.marksandspencer.com,X,
https://fit-assist.marksandspencer.com,X,
https://planareport2014.marksandspencer.com,X,
https://cdntm.marksandspencer.com,X,
https://www7.marksandspencer.com/1/2/,X,
https://banklive.marksandspencer.com,X,
https://msib-fileservice.marksandspencer.com,X,
https://www.marksandspencer.com/,X,
https://origin.marksandspencer.com,X,
https://api.marksandspencer.com,X,
https://creditcardeligibilitycheck.marksandspencer.com,X,
https://jobs.marksandspencer.com,X,