URL,80
http://employeetravel.aa.com/,X,
http://falcon.aa.com/,X,
http://kiosk-qa.aa.com/,X,
http://travelplanner-beta.test.etp.aa.com/,X,
http://nonprod-login.aa.com/,X,
http://mfa.aa.com/,X,
http://businessextra.stage.aa.com/,X,
http://aatot-api-dev.maverick.aa.com/,X,
http://adfs.aa.com/,X,
http://image.jetnet.aa.com/,X,
http://api.amps.aa.com/,X,
http://npcharters.stage.aa.com/,X,
http://ecmimg.aa.com/,X,
http://airpass.aa.com/,X,
http://airportal.stage.aa.com/,X,
http://frms.aa.com/,X,
http://twitter.snap.aa.com/,X,
http://spteam.aa.com/,X,
http://internalcommunications.ms.aa.com/,X,
http://lka-stg.aa.com/,X,
http://news.aa.com/,X,
http://deviate.app.np.bags.aa.com/,X,
http://epays3-dev-alt1.aa.com/,X,
http://raptor.aa.com/,X,
http://airpassnextgen.qa.aa.com/,X,
http://egte.aa.com/,X,
http://sam.qcorpaa.aa.com/,X,
http://sam-dr.stage.aa.com/,X,
http://nrta.stage.aa.com/,X,
http://get.apt360.aa.com/,X,