URL,80
http://www.mjam.net/,X,
http://api.mjam.net/,X,
http://mjammarketjobs.mjam.net/,X,
http://dishportal.mjam.net/,X,
http://zamhaltngutschein.mjam.net/,X,
http://email.mjam.net/,X,
http://dishportal-st.mjam.net/,X,
http://honestfood.mjam.net/,X,
http://rider.mjam.net/,X,
http://info.mjam.net/,X,
http://facebook.mjam.net/,X,
http://to.mjam.net/,X,
http://newsletter.mjam.net/,X,
http://www-st.mjam.net/,X,
http://static-easy.mjam.net/,X,
http://mjam.net/,X,
http://email.receipts.mjam.net/,X,
http://dev.mjam.net/,X,
http://e.mjam.net/,X,