Protocol,Port,Domain,Request Status,Screenshot Path, Source Path
http,80,www.mjam.net,Timeout,/root/Desktop/linkThrasher/Results/EyeWitness/mjam.net/screens/http.www.mjam.net..png,/root/Desktop/linkThrasher/Results/EyeWitness/mjam.net/source/http.www.mjam.net..txt
http,80,api.mjam.net,Timeout,/root/Desktop/linkThrasher/Results/EyeWitness/mjam.net/screens/http.api.mjam.net..png,/root/Desktop/linkThrasher/Results/EyeWitness/mjam.net/source/http.api.mjam.net..txt
http,80,mjammarketjobs.mjam.net,Successful,/root/Desktop/linkThrasher/Results/EyeWitness/mjam.net/screens/http.mjammarketjobs.mjam.net..png,/root/Desktop/linkThrasher/Results/EyeWitness/mjam.net/source/http.mjammarketjobs.mjam.net..txt
http,80,dishportal.mjam.net,Successful,/root/Desktop/linkThrasher/Results/EyeWitness/mjam.net/screens/http.dishportal.mjam.net..png,/root/Desktop/linkThrasher/Results/EyeWitness/mjam.net/source/http.dishportal.mjam.net..txt
http,80,zamhaltngutschein.mjam.net,Successful,/root/Desktop/linkThrasher/Results/EyeWitness/mjam.net/screens/http.zamhaltngutschein.mjam.net..png,/root/Desktop/linkThrasher/Results/EyeWitness/mjam.net/source/http.zamhaltngutschein.mjam.net..txt
http,80,email.mjam.net,Successful,/root/Desktop/linkThrasher/Results/EyeWitness/mjam.net/screens/http.email.receipts.mjam.net..png,/root/Desktop/linkThrasher/Results/EyeWitness/mjam.net/source/http.email.mjam.net..txt
http,80,dishportal-st.mjam.net,Successful,/root/Desktop/linkThrasher/Results/EyeWitness/mjam.net/screens/http.dishportal-st.mjam.net..png,/root/Desktop/linkThrasher/Results/EyeWitness/mjam.net/source/http.dishportal-st.mjam.net..txt
http,80,honestfood.mjam.net,Successful,/root/Desktop/linkThrasher/Results/EyeWitness/mjam.net/screens/http.honestfood.mjam.net..png,/root/Desktop/linkThrasher/Results/EyeWitness/mjam.net/source/http.honestfood.mjam.net..txt
http,80,rider.mjam.net,Timeout,/root/Desktop/linkThrasher/Results/EyeWitness/mjam.net/screens/http.rider.mjam.net..png,/root/Desktop/linkThrasher/Results/EyeWitness/mjam.net/source/http.rider.mjam.net..txt
http,80,info.mjam.net,Successful,/root/Desktop/linkThrasher/Results/EyeWitness/mjam.net/screens/http.dev.mjam.net..png,/root/Desktop/linkThrasher/Results/EyeWitness/mjam.net/source/http.info.mjam.net..txt
http,80,facebook.mjam.net,Successful,/root/Desktop/linkThrasher/Results/EyeWitness/mjam.net/screens/http.facebook.mjam.net..png,/root/Desktop/linkThrasher/Results/EyeWitness/mjam.net/source/http.facebook.mjam.net..txt
http,80,to.mjam.net,Successful,/root/Desktop/linkThrasher/Results/EyeWitness/mjam.net/screens/http.to.mjam.net..png,/root/Desktop/linkThrasher/Results/EyeWitness/mjam.net/source/http.to.mjam.net..txt
http,80,newsletter.mjam.net,Successful,/root/Desktop/linkThrasher/Results/EyeWitness/mjam.net/screens/http.dev.mjam.net..png,/root/Desktop/linkThrasher/Results/EyeWitness/mjam.net/source/http.newsletter.mjam.net..txt
http,80,www-st.mjam.net,Successful,/root/Desktop/linkThrasher/Results/EyeWitness/mjam.net/screens/http.www-st.mjam.net..png,/root/Desktop/linkThrasher/Results/EyeWitness/mjam.net/source/http.www-st.mjam.net..txt
http,80,static-easy.mjam.net,Successful,/root/Desktop/linkThrasher/Results/EyeWitness/mjam.net/screens/http.facebook.mjam.net..png,/root/Desktop/linkThrasher/Results/EyeWitness/mjam.net/source/http.static-easy.mjam.net..txt
http,80,mjam.net,Timeout,/root/Desktop/linkThrasher/Results/EyeWitness/mjam.net/screens/http.mjam.net..png,/root/Desktop/linkThrasher/Results/EyeWitness/mjam.net/source/http.mjam.net..txt
http,80,email.receipts.mjam.net,Successful,/root/Desktop/linkThrasher/Results/EyeWitness/mjam.net/screens/http.email.receipts.mjam.net..png,/root/Desktop/linkThrasher/Results/EyeWitness/mjam.net/source/http.email.receipts.mjam.net..txt
http,80,dev.mjam.net,Successful,/root/Desktop/linkThrasher/Results/EyeWitness/mjam.net/screens/http.dev.mjam.net..png,/root/Desktop/linkThrasher/Results/EyeWitness/mjam.net/source/http.dev.mjam.net..txt
http,80,e.mjam.net,Successful,/root/Desktop/linkThrasher/Results/EyeWitness/mjam.net/screens/http.dev.mjam.net..png,/root/Desktop/linkThrasher/Results/EyeWitness/mjam.net/source/http.e.mjam.net..txt