URL,443,52767
https://www.iciparisxl.be/medias/zoom-extra1-1058817-500x500?context={888*888},X,,
https://elbwww.oriondemos.solarwinds.com/Orion{{888*888}}/APM/SqlBlackBox/SqlBlackBoxStatisticDetails.aspx?NetObject=ABSM:52767,,X,
https://www.iciparisxl.be/medias/zoom-extra1-1058817-500x500?context=@(888*888),X,,
https://livetour.louisvuitton.com/Australia/Sydney|Australia/ACT{888*888}?,X,,
https://sbcu.specialized.com.cn/searchResults{{888*888}}/POST_TRACK_SEARCH_CLICK_PENDING?,X,,
https://livetour.louisvuitton.com/Australia{{888*888}}/Sydney|Australia/ACT?,X,,