URL,80
http://lyjvmsqa.qa.aa.com/,X,
http://faetb.aa.com/,X,
http://travelplanner.test.aa.com/,X,
http://mypiedmont.aa.com/,X,
http://search.saleslink.stage.aa.com/,X,
http://groups.test.aa.com/,X,
http://www.aa.com/,X,
http://health.app.np.bags.aa.com/,X,
http://rovrplus.aa.com/,X,
http://globalsupport.aa.com/,X,
http://fbc.aa.com/,X,
http://srflightoptions.aa.com/,X,
http://asom.dev.aa.com/,X,
http://pilot-tts-dev.aa.com/,X,
http://globalsales.aa.com/,X,
http://achievements.aa.com/,X,
http://ipas-stage.aa.com/,X,
http://loyalty-upgrades.stage.aa.com/,X,
http://payprotect.aa.com/,X,
http://ecmappservices-stg.aa.com/,X,
http://falcon.aa.com/,X,
http://badging.aa.com/,X,
http://ssc.stage.aa.com/,X,
http://mpays.stage.aa.com/,X,
http://ccilite-dev.aa.com/,X,
http://gl.aa.com/,X,
http://ltermapi-stage.aa.com/,X,
http://spportal.aa.com/,X,
http://tac.aa.com/,X,
http://emanager.jetnet.aa.com/,X,