URL,80
http://sahada.yemeksepeti.com/,X,
http://reyonapi.yemeksepeti.com/,X,
http://batman.yemeksepeti.com/,X,
http://v3static.yemeksepeti.com/,X,
http://rancher-test.yemeksepeti.com/,X,
http://cuzdantest.yemeksepeti.com/,X,
http://mahalle-sol-proxy.yemeksepeti.com/,X,
http://bakim.yemeksepeti.com/,X,
http://carsi-portal.yemeksepeti.com/,X,
http://mahalle-transmission-gateway-dev.yemeksepeti.com/,X,
http://akademi.yemeksepeti.com/,X,
http://mahalle.yemeksepeti.com/,X,
http://cdn.yemeksepeti.com/,X,
http://portakal.yemeksepeti.com/,X,
http://guvercin.yemeksepeti.com/,X,
http://jira.yemeksepeti.com/,X,
http://apitest.yemeksepeti.com/,X,
http://iyikidoydun.yemeksepeti.com/,X,
http://staging-clarkkent-proxy-api.yemeksepeti.com/,X,
http://siparistakip.yemeksepeti.com/,X,
http://mahalle-gateway.yemeksepeti.com/,X,
http://pilaki.yemeksepeti.com/,X,
http://mobilepaymenttest.yemeksepeti.com/,X,
http://ablink.news.yemeksepeti.com/,X,
http://lssearchapitest.yemeksepeti.com/,X,
http://m.yemeksepeti.com/,X,
http://images.yemeksepeti.com/,X,
http://partner.yemeksepeti.com/,X,
http://pviq.yemeksepeti.com/,X,
http://tokentest.yemeksepeti.com/,X,
http://test-store-admin-api.yemeksepeti.com/,X,
http://webguvercin.yemeksepeti.com/,X,
http://operasyontakip.yemeksepeti.com/,X,
http://www.yemeksepeti.com/,X,
http://catalogmanagerwebservice.yemeksepeti.com/,X,
http://yemeksepeti.com/,X,
http://lb.yemeksepeti.com/,X,
http://entegrasyon.yemeksepeti.com/,X,
http://stg-ot-migration-pos-plugin-api.yemeksepeti.com/,X,
http://adm.yemeksepeti.com/,X,
http://carliston.yemeksepeti.com/,X,
http://sahakahramani.yemeksepeti.com/,X,
http://erzincan.yemeksepeti.com/,X,
http://mahalle-integration-gateway-stg.yemeksepeti.com/,X,
http://umbraco.yemeksepeti.com/,X,
http://logistics-dashboard.yemeksepeti.com/,X,
http://kurye.yemeksepeti.com/,X,
http://ot-migration-pos-plugin-api.yemeksepeti.com/,X,
http://ysm.yemeksepeti.com/,X,
http://chat.yemeksepeti.com/,X,
http://egitim.yemeksepeti.com/,X,
http://e.yemeksepeti.com/,X,
http://webservices.yemeksepeti.com/,X,
http://test-admin-api.yemeksepeti.com/,X,
http://ablink.mail.yemeksepeti.com/,X,
http://messaging.yemeksepeti.com/,X,
http://test-logistics-dashboard.yemeksepeti.com/,X,
http://staging-clarkkent-webapp.yemeksepeti.com/,X,
http://iyikidogdun.yemeksepeti.com/,X,