URL,80
http://devops.aa.com/,X,
http://tms-stage.aa.com/,X,
http://wildcard.qa.aa.com/,X,
http://pilot-tts-stage.aa.com/,X,
http://isolve.aa.com/,X,
http://csubl-test.aa.com/,X,
http://bagmatrix.aa.com/,X,
http://dss-flifo.aa.com/,X,
http://raptor.aa.com/,X,
http://wifi.aa.com/,X,
http://checkin-stage.aa.com/,X,
http://okr.aa.com/,X,
http://rmshareapps.aa.com-acs2.aa.com/,X,
http://sse.jetnet.aa.com/,X,
http://secureauthentication-test.snap.aa.com/,X,
http://pilot-tts-uat.aa.com/,X,
http://atd.jetnet.aa.com/,X,
http://io-api-asom.prod.aa.com/,X,
http://ptts-admin.aa.com/,X,
http://statusboard.aa.com/,X,
http://stage.pubs.aa.com/,X,
http://survey.aa.com/,X,
http://mctapp.aa.com/,X,
http://l.r.ms.aa.com/,X,
http://deviate.app.np.bags.aa.com/,X,
http://faroms-test.qcorpaa.aa.com/,X,
http://safeeq-stage.aa.com/,X,
http://jobs.aa.com/,X,
http://manuals-ext.meweb.aa.com/,X,
http://webref.aa.com/,X,