Protocol,Port,Domain,Request Status,Screenshot Path, Source Path
http,80,devops.aa.com,Successful,/root/Desktop/linkThrasher/Results/EyeWitness/aa.com/23/screens/http.devops.aa.com..png,/root/Desktop/linkThrasher/Results/EyeWitness/aa.com/23/source/http.devops.aa.com..txt
http,80,tms-stage.aa.com,Successful,/root/Desktop/linkThrasher/Results/EyeWitness/aa.com/23/screens/http.tms-stage.aa.com..png,/root/Desktop/linkThrasher/Results/EyeWitness/aa.com/23/source/http.tms-stage.aa.com..txt
http,80,wildcard.qa.aa.com,Successful,/root/Desktop/linkThrasher/Results/EyeWitness/aa.com/23/screens/http.wildcard.qa.aa.com..png,/root/Desktop/linkThrasher/Results/EyeWitness/aa.com/23/source/http.wildcard.qa.aa.com..txt
http,80,pilot-tts-stage.aa.com,Successful,/root/Desktop/linkThrasher/Results/EyeWitness/aa.com/23/screens/http.pilot-tts-stage.aa.com..png,/root/Desktop/linkThrasher/Results/EyeWitness/aa.com/23/source/http.pilot-tts-stage.aa.com..txt
http,80,isolve.aa.com,Successful,/root/Desktop/linkThrasher/Results/EyeWitness/aa.com/23/screens/http.webref.aa.com..png,/root/Desktop/linkThrasher/Results/EyeWitness/aa.com/23/source/http.isolve.aa.com..txt
http,80,csubl-test.aa.com,Successful,/root/Desktop/linkThrasher/Results/EyeWitness/aa.com/23/screens/http.csubl-test.aa.com..png,/root/Desktop/linkThrasher/Results/EyeWitness/aa.com/23/source/http.csubl-test.aa.com..txt
http,80,bagmatrix.aa.com,Successful,/root/Desktop/linkThrasher/Results/EyeWitness/aa.com/23/screens/http.bagmatrix.aa.com..png,/root/Desktop/linkThrasher/Results/EyeWitness/aa.com/23/source/http.bagmatrix.aa.com..txt
http,80,dss-flifo.aa.com,Successful,/root/Desktop/linkThrasher/Results/EyeWitness/aa.com/23/screens/http.webref.aa.com..png,/root/Desktop/linkThrasher/Results/EyeWitness/aa.com/23/source/http.dss-flifo.aa.com..txt
http,80,raptor.aa.com,Successful,/root/Desktop/linkThrasher/Results/EyeWitness/aa.com/23/screens/http.raptor.aa.com..png,/root/Desktop/linkThrasher/Results/EyeWitness/aa.com/23/source/http.raptor.aa.com..txt
http,80,wifi.aa.com,Successful,/root/Desktop/linkThrasher/Results/EyeWitness/aa.com/23/screens/http.wifi.aa.com..png,/root/Desktop/linkThrasher/Results/EyeWitness/aa.com/23/source/http.wifi.aa.com..txt
http,80,checkin-stage.aa.com,Successful,/root/Desktop/linkThrasher/Results/EyeWitness/aa.com/23/screens/http.pilot-tts-uat.aa.com..png,/root/Desktop/linkThrasher/Results/EyeWitness/aa.com/23/source/http.checkin-stage.aa.com..txt
http,80,okr.aa.com,Successful,/root/Desktop/linkThrasher/Results/EyeWitness/aa.com/23/screens/http.webref.aa.com..png,/root/Desktop/linkThrasher/Results/EyeWitness/aa.com/23/source/http.okr.aa.com..txt
http,80,rmshareapps.aa.com-acs2.aa.com,Successful,/root/Desktop/linkThrasher/Results/EyeWitness/aa.com/23/screens/http.rmshareapps.aa.com-acs2.aa.com..png,/root/Desktop/linkThrasher/Results/EyeWitness/aa.com/23/source/http.rmshareapps.aa.com-acs2.aa.com..txt
http,80,sse.jetnet.aa.com,Successful,/root/Desktop/linkThrasher/Results/EyeWitness/aa.com/23/screens/http.webref.aa.com..png,/root/Desktop/linkThrasher/Results/EyeWitness/aa.com/23/source/http.sse.jetnet.aa.com..txt
http,80,secureauthentication-test.snap.aa.com,Successful,/root/Desktop/linkThrasher/Results/EyeWitness/aa.com/23/screens/http.secureauthentication-test.snap.aa.com..png,/root/Desktop/linkThrasher/Results/EyeWitness/aa.com/23/source/http.secureauthentication-test.snap.aa.com..txt
http,80,pilot-tts-uat.aa.com,Successful,/root/Desktop/linkThrasher/Results/EyeWitness/aa.com/23/screens/http.pilot-tts-uat.aa.com..png,/root/Desktop/linkThrasher/Results/EyeWitness/aa.com/23/source/http.pilot-tts-uat.aa.com..txt
http,80,atd.jetnet.aa.com,Successful,/root/Desktop/linkThrasher/Results/EyeWitness/aa.com/23/screens/http.webref.aa.com..png,/root/Desktop/linkThrasher/Results/EyeWitness/aa.com/23/source/http.atd.jetnet.aa.com..txt
http,80,io-api-asom.prod.aa.com,Successful,/root/Desktop/linkThrasher/Results/EyeWitness/aa.com/23/screens/http.io-api-asom.prod.aa.com..png,/root/Desktop/linkThrasher/Results/EyeWitness/aa.com/23/source/http.io-api-asom.prod.aa.com..txt
http,80,ptts-admin.aa.com,Successful,/root/Desktop/linkThrasher/Results/EyeWitness/aa.com/23/screens/http.ptts-admin.aa.com..png,/root/Desktop/linkThrasher/Results/EyeWitness/aa.com/23/source/http.ptts-admin.aa.com..txt
http,80,statusboard.aa.com,Successful,/root/Desktop/linkThrasher/Results/EyeWitness/aa.com/23/screens/http.statusboard.aa.com..png,/root/Desktop/linkThrasher/Results/EyeWitness/aa.com/23/source/http.statusboard.aa.com..txt
http,80,stage.pubs.aa.com,Successful,/root/Desktop/linkThrasher/Results/EyeWitness/aa.com/23/screens/http.webref.aa.com..png,/root/Desktop/linkThrasher/Results/EyeWitness/aa.com/23/source/http.stage.pubs.aa.com..txt
http,80,survey.aa.com,Successful,/root/Desktop/linkThrasher/Results/EyeWitness/aa.com/23/screens/http.survey.aa.com..png,/root/Desktop/linkThrasher/Results/EyeWitness/aa.com/23/source/http.survey.aa.com..txt
http,80,mctapp.aa.com,Successful,/root/Desktop/linkThrasher/Results/EyeWitness/aa.com/23/screens/http.mctapp.aa.com..png,/root/Desktop/linkThrasher/Results/EyeWitness/aa.com/23/source/http.mctapp.aa.com..txt
http,80,l.r.ms.aa.com,Successful,/root/Desktop/linkThrasher/Results/EyeWitness/aa.com/23/screens/http.pilot-tts-uat.aa.com..png,/root/Desktop/linkThrasher/Results/EyeWitness/aa.com/23/source/http.l.r.ms.aa.com..txt
http,80,deviate.app.np.bags.aa.com,Successful,/root/Desktop/linkThrasher/Results/EyeWitness/aa.com/23/screens/http.webref.aa.com..png,/root/Desktop/linkThrasher/Results/EyeWitness/aa.com/23/source/http.deviate.app.np.bags.aa.com..txt
http,80,faroms-test.qcorpaa.aa.com,Successful,/root/Desktop/linkThrasher/Results/EyeWitness/aa.com/23/screens/http.webref.aa.com..png,/root/Desktop/linkThrasher/Results/EyeWitness/aa.com/23/source/http.faroms-test.qcorpaa.aa.com..txt
http,80,safeeq-stage.aa.com,Successful,/root/Desktop/linkThrasher/Results/EyeWitness/aa.com/23/screens/http.pilot-tts-uat.aa.com..png,/root/Desktop/linkThrasher/Results/EyeWitness/aa.com/23/source/http.safeeq-stage.aa.com..txt
http,80,jobs.aa.com,Successful,/root/Desktop/linkThrasher/Results/EyeWitness/aa.com/23/screens/http.jobs.aa.com..png,/root/Desktop/linkThrasher/Results/EyeWitness/aa.com/23/source/http.jobs.aa.com..txt
http,80,manuals-ext.meweb.aa.com,Successful,/root/Desktop/linkThrasher/Results/EyeWitness/aa.com/23/screens/http.manuals-ext.meweb.aa.com..png,/root/Desktop/linkThrasher/Results/EyeWitness/aa.com/23/source/http.manuals-ext.meweb.aa.com..txt
http,80,webref.aa.com,Successful,/root/Desktop/linkThrasher/Results/EyeWitness/aa.com/23/screens/http.webref.aa.com..png,/root/Desktop/linkThrasher/Results/EyeWitness/aa.com/23/source/http.webref.aa.com..txt