URL,443
https://maonline.screenconnect.com/Services\/AppearanceService.ashx?,X,
https://proconnect.intuit.com/community/forums/v4/forumtopicpage.kudosbuttonv2.kudoentity:kudoentity/kudosable-gid/121134?t:ac=board-id/201/message-id/23975/highlight/true&t:cp=%2F,X,
https://kpn.play.codex-int.hbo.com/i18n'/formats/et-EE-index?,X,
https://proconnect.intuit.com/community/forums/v4/forumtopicpage.kudosbuttonv2.kudoentity:kudoentity/kudosable-gid/121134?t:ac=board-id/201/message-id/23975/highlight/true&t:cp={888*888},X,
https://proconnect.intuit.com/community/forums/v4/forumtopicpage.kudosbuttonv2.kudoentity:kudoentity/kudosable-gid/121134?t:ac=board-id/201/message-id/23975/highlight/true&t:cp=@(888*888),X,
https://kpn.play.codex-int.hbo.com/i18n'/keyboards/ru-android-json?,X,
https://proconnect.intuit.com/community/forums/v4/forumtopicpage.kudosbuttonv2.kudoentity:kudoentity/kudosable-gid/121134?t:ac=board-id/201/message-id/23975/highlight/true&t:cp=kudos/contributions/tapletcontributionspage,X,
https://www.iciparisxl.be/medias/prd-front-1128810-954x1192?context={{888*888}},X,
https://proconnect.intuit.com/community/forums/v4/forumtopicpage.kudosbuttonv2.kudoentity:kudoentity/kudosable-gid/121134?t:ac=board-id/201/message-id/23975/highlight/true&t:cp={{888*888}},X,
https://proconnect.intuit.com/community/forums/v4/forumtopicpage.kudosbuttonv2.kudoentity:kudoentity/kudosable-gid/121134'?t:ac=board-id/201/message-id/23975/highlight/true&t:cp=kudos/contributions/tapletcontributionspage,X,
https://sports.ladbrokes.com/horse-racing{{888*888}}/horse-racing-live/echuca/7-00-echuca-bg/232753856?origin=?origin=next-races,X,
https://www.iciparisxl.be/medias/prd-front-1128810-954x1192?context={888*888},X,